vin,ModelYear,Make,Model,Trim,BodyClass,NumberOfOwners,MostRecentOwner,MostRecentPurchaseDate,LastReportedCity,LastReportedState,LastReportedMiles,AccidentHistory,TitleStatus,ServiceRecordCount,LastServiceDate,LastServiceLocationOnCarFax,LastServiceCityOnCarFax
JTEHT05J732036929,2003,TOYOTA,Land Cruiser,VX,Sport Utility Vehicle (SUV)/Multi-Purpose Vehicle (MPV),,,,,,,,,,,,
JTEHT05J332036930,2003,TOYOTA,Land Cruiser,VX,Sport Utility Vehicle (SUV)/Multi-Purpose Vehicle (MPV),,,,,,,,,,,,
JTEHT05J432044163,2003,TOYOTA,Land Cruiser,VX,Sport Utility Vehicle (SUV)/Multi-Purpose Vehicle (MPV),,,,,,,,,,,,
JTEHT05J632044164,2003,TOYOTA,Land Cruiser,VX,Sport Utility Vehicle (SUV)/Multi-Purpose Vehicle (MPV),,,,,,,,,,,,
JTEHT05J832044165,2003,TOYOTA,Land Cruiser,VX,Sport Utility Vehicle (SUV)/Multi-Purpose Vehicle (MPV),,,,,,,,,,,,
JTEHT05JX32044166,2003,TOYOTA,Land Cruiser,VX,Sport Utility Vehicle (SUV)/Multi-Purpose Vehicle (MPV),,,,,,,,,,,,
JTEHT05J132044167,2003,TOYOTA,Land Cruiser,VX,Sport Utility Vehicle (SUV)/Multi-Purpose Vehicle (MPV),,,,,,,,,,,,
JTEHT05J332044168,2003,TOYOTA,Land Cruiser,VX,Sport Utility Vehicle (SUV)/Multi-Purpose Vehicle (MPV),,,,,,,,,,,,
JTEHT05J532044169,2003,TOYOTA,Land Cruiser,VX,Sport Utility Vehicle (SUV)/Multi-Purpose Vehicle (MPV),,,,,,,,,,,,
JTEHT05J132044170,2003,TOYOTA,Land Cruiser,VX,Sport Utility Vehicle (SUV)/Multi-Purpose Vehicle (MPV),,,,,,,,,,,,
JTEHT05J332044171,2003,TOYOTA,Land Cruiser,VX,Sport Utility Vehicle (SUV)/Multi-Purpose Vehicle (MPV),,,,,,,,,,,,
JTEHT05J532044172,2003,TOYOTA,Land Cruiser,VX,Sport Utility Vehicle (SUV)/Multi-Purpose Vehicle (MPV),,,,,,,,,,,,
JTEHT05J732044173,2003,TOYOTA,Land Cruiser,VX,Sport Utility Vehicle (SUV)/Multi-Purpose Vehicle (MPV),,,,,,,,,,,,
JTEHT05J932044174,2003,TOYOTA,Land Cruiser,VX,Sport Utility Vehicle (SUV)/Multi-Purpose Vehicle (MPV),,,,,,,,,,,,
JTEHT05J032044175,2003,TOYOTA,Land Cruiser,VX,Sport Utility Vehicle (SUV)/Multi-Purpose Vehicle (MPV),,,,,,,,,,,,
JTEHT05J232044176,2003,TOYOTA,Land Cruiser,VX,Sport Utility Vehicle (SUV)/Multi-Purpose Vehicle (MPV),,,,,,,,,,,,
JTEHT05J432044177,2003,TOYOTA,Land Cruiser,VX,Sport Utility Vehicle (SUV)/Multi-Purpose Vehicle (MPV),,,,,,,,,,,,
JTEHT05J632044178,2003,TOYOTA,Land Cruiser,VX,Sport Utility Vehicle (SUV)/Multi-Purpose Vehicle (MPV),,,,,,,,,,,,
JTEHT05J832044179,2003,TOYOTA,Land Cruiser,VX,Sport Utility Vehicle (SUV)/Multi-Purpose Vehicle (MPV),,,,,,,,,,,,
JTEHT05J432044180,2003,TOYOTA,Land Cruiser,VX,Sport Utility Vehicle (SUV)/Multi-Purpose Vehicle (MPV),,,,,,,,,,,,
JTEHT05J632044181,2003,TOYOTA,Land Cruiser,VX,Sport Utility Vehicle (SUV)/Multi-Purpose Vehicle (MPV),,,,,,,,,,,,
JTEHT05J832044182,2003,TOYOTA,Land Cruiser,VX,Sport Utility Vehicle (SUV)/Multi-Purpose Vehicle (MPV),,,,,,,,,,,,
JTEHT05JX32044183,2003,TOYOTA,Land Cruiser,VX,Sport Utility Vehicle (SUV)/Multi-Purpose Vehicle (MPV),,,,,,,,,,,,
JTEHT05J132044184,2003,TOYOTA,Land Cruiser,VX,Sport Utility Vehicle (SUV)/Multi-Purpose Vehicle (MPV),,,,,,,,,,,,
JTEHT05J332044185,2003,TOYOTA,Land Cruiser,VX,Sport Utility Vehicle (SUV)/Multi-Purpose Vehicle (MPV),,,,,,,,,,,,
JTEHT05J532044186,2003,TOYOTA,Land Cruiser,VX,Sport Utility Vehicle (SUV)/Multi-Purpose Vehicle (MPV),,,,,,,,,,,,
JTEHT05J732044187,2003,TOYOTA,Land Cruiser,VX,Sport Utility Vehicle (SUV)/Multi-Purpose Vehicle (MPV),,,,,,,,,,,,
JTEHT05J932044188,2003,TOYOTA,Land Cruiser,VX,Sport Utility Vehicle (SUV)/Multi-Purpose Vehicle (MPV),,,,,,,,,,,,
JTEHT05J032044189,2003,TOYOTA,Land Cruiser,VX,Sport Utility Vehicle (SUV)/Multi-Purpose Vehicle (MPV),,,,,,,,,,,,
JTEHT05J732044190,2003,TOYOTA,Land Cruiser,VX,Sport Utility Vehicle (SUV)/Multi-Purpose Vehicle (MPV),,,,,,,,,,,,
JTEHT05J932044191,2003,TOYOTA,Land Cruiser,VX,Sport Utility Vehicle (SUV)/Multi-Purpose Vehicle (MPV),,,,,,,,,,,,
JTEHT05J032044192,2003,TOYOTA,Land Cruiser,VX,Sport Utility Vehicle (SUV)/Multi-Purpose Vehicle (MPV),,,,,,,,,,,,
JTEHT05J232044193,2003,TOYOTA,Land Cruiser,VX,Sport Utility Vehicle (SUV)/Multi-Purpose Vehicle (MPV),,,,,,,,,,,,
JTEHT05J432044194,2003,TOYOTA,Land Cruiser,VX,Sport Utility Vehicle (SUV)/Multi-Purpose Vehicle (MPV),,,,,,,,,,,,
JTEHT05J632044195,2003,TOYOTA,Land Cruiser,VX,Sport Utility Vehicle (SUV)/Multi-Purpose Vehicle (MPV),,,,,,,,,,,,
JTEHT05J832044196,2003,TOYOTA,Land Cruiser,VX,Sport Utility Vehicle (SUV)/Multi-Purpose Vehicle (MPV),,,,,,,,,,,,
JTEHT05JX32044197,2003,TOYOTA,Land Cruiser,VX,Sport Utility Vehicle (SUV)/Multi-Purpose Vehicle (MPV),,,,,,,,,,,,
JTEHT05J132044198,2003,TOYOTA,Land Cruiser,VX,Sport Utility Vehicle (SUV)/Multi-Purpose Vehicle (MPV),,,,,,,,,,,,
JTEHT05J332044199,2003,TOYOTA,Land Cruiser,VX,Sport Utility Vehicle (SUV)/Multi-Purpose Vehicle (MPV),,,,,,,,,,,,
JTEHT05J632044200,2003,TOYOTA,Land Cruiser,VX,Sport Utility Vehicle (SUV)/Multi-Purpose Vehicle (MPV),,,,,,,,,,,,
JTEHT05J832044201,2003,TOYOTA,Land Cruiser,VX,Sport Utility Vehicle (SUV)/Multi-Purpose Vehicle (MPV),,,,,,,,,,,,
JTEHT05JX32044202,2003,TOYOTA,Land Cruiser,VX,Sport Utility Vehicle (SUV)/Multi-Purpose Vehicle (MPV),,,,,,,,,,,,
JTEHT05J132044203,2003,TOYOTA,Land Cruiser,VX,Sport Utility Vehicle (SUV)/Multi-Purpose Vehicle (MPV),,,,,,,,,,,,
JTEHT05J332044204,2003,TOYOTA,Land Cruiser,VX,Sport Utility Vehicle (SUV)/Multi-Purpose Vehicle (MPV),,,,,,,,,,,,
JTEHT05J532044205,2003,TOYOTA,Land Cruiser,VX,Sport Utility Vehicle (SUV)/Multi-Purpose Vehicle (MPV),,,,,,,,,,,,
JTEHT05J732044206,2003,TOYOTA,Land Cruiser,VX,Sport Utility Vehicle (SUV)/Multi-Purpose Vehicle (MPV),,,,,,,,,,,,
JTEHT05J932044207,2003,TOYOTA,Land Cruiser,VX,Sport Utility Vehicle (SUV)/Multi-Purpose Vehicle (MPV),,,,,,,,,,,,
JTEHT05J032044208,2003,TOYOTA,Land Cruiser,VX,Sport Utility Vehicle (SUV)/Multi-Purpose Vehicle (MPV),,,,,,,,,,,,
JTEHT05J232044209,2003,TOYOTA,Land Cruiser,VX,Sport Utility Vehicle (SUV)/Multi-Purpose Vehicle (MPV),,,,,,,,,,,,
JTEHT05J932044210,2003,TOYOTA,Land Cruiser,VX,Sport Utility Vehicle (SUV)/Multi-Purpose Vehicle (MPV),,,,,,,,,,,,
JTEHT05J032044211,2003,TOYOTA,Land Cruiser,VX,Sport Utility Vehicle (SUV)/Multi-Purpose Vehicle (MPV),,,,,,,,,,,,
JTEHT05J232044212,2003,TOYOTA,Land Cruiser,VX,Sport Utility Vehicle (SUV)/Multi-Purpose Vehicle (MPV),,,,,,,,,,,,
JTEHT05J432044213,2003,TOYOTA,Land Cruiser,VX,Sport Utility Vehicle (SUV)/Multi-Purpose Vehicle (MPV),,,,,,,,,,,,
JTEHT05J632044214,2003,TOYOTA,Land Cruiser,VX,Sport Utility Vehicle (SUV)/Multi-Purpose Vehicle (MPV),,,,,,,,,,,,
JTEHT05J832044215,2003,TOYOTA,Land Cruiser,VX,Sport Utility Vehicle (SUV)/Multi-Purpose Vehicle (MPV),,,,,,,,,,,,
JTEHT05JX32044216,2003,TOYOTA,Land Cruiser,VX,Sport Utility Vehicle (SUV)/Multi-Purpose Vehicle (MPV),,,,,,,,,,,,
JTEHT05J132044217,2003,TOYOTA,Land Cruiser,VX,Sport Utility Vehicle (SUV)/Multi-Purpose Vehicle (MPV),,,,,,,,,,,,
JTEHT05J332044218,2003,TOYOTA,Land Cruiser,VX,Sport Utility Vehicle (SUV)/Multi-Purpose Vehicle (MPV),,,,,,,,,,,,
JTEHT05J532044219,2003,TOYOTA,Land Cruiser,VX,Sport Utility Vehicle (SUV)/Multi-Purpose Vehicle (MPV),,,,,,,,,,,,
JTEHT05J132044220,2003,TOYOTA,Land Cruiser,VX,Sport Utility Vehicle (SUV)/Multi-Purpose Vehicle (MPV),,,,,,,,,,,,
JTEHT05J332044221,2003,TOYOTA,Land Cruiser,VX,Sport Utility Vehicle (SUV)/Multi-Purpose Vehicle (MPV),,,,,,,,,,,,
JTEHT05J532044222,2003,TOYOTA,Land Cruiser,VX,Sport Utility Vehicle (SUV)/Multi-Purpose Vehicle (MPV),,,,,,,,,,,,
JTEHT05J732044223,2003,TOYOTA,Land Cruiser,VX,Sport Utility Vehicle (SUV)/Multi-Purpose Vehicle (MPV),,,,,,,,,,,,
JTEHT05J932044224,2003,TOYOTA,Land Cruiser,VX,Sport Utility Vehicle (SUV)/Multi-Purpose Vehicle (MPV),,,,,,,,,,,,
JTEHT05J032044225,2003,TOYOTA,Land Cruiser,VX,Sport Utility Vehicle (SUV)/Multi-Purpose Vehicle (MPV),,,,,,,,,,,,
JTEHT05J232044226,2003,TOYOTA,Land Cruiser,VX,Sport Utility Vehicle (SUV)/Multi-Purpose Vehicle (MPV),,,,,,,,,,,,
JTEHT05J432044227,2003,TOYOTA,Land Cruiser,VX,Sport Utility Vehicle (SUV)/Multi-Purpose Vehicle (MPV),,,,,,,,,,,,
JTEHT05J632044228,2003,TOYOTA,Land Cruiser,VX,Sport Utility Vehicle (SUV)/Multi-Purpose Vehicle (MPV),,,,,,,,,,,,
JTEHT05J832044229,2003,TOYOTA,Land Cruiser,VX,Sport Utility Vehicle (SUV)/Multi-Purpose Vehicle (MPV),,,,,,,,,,,,
JTEHT05J432044230,2003,TOYOTA,Land Cruiser,VX,Sport Utility Vehicle (SUV)/Multi-Purpose Vehicle (MPV),,,,,,,,,,,,
JTEHT05J632044231,2003,TOYOTA,Land Cruiser,VX,Sport Utility Vehicle (SUV)/Multi-Purpose Vehicle (MPV),,,,,,,,,,,,
JTEHT05J832044232,2003,TOYOTA,Land Cruiser,VX,Sport Utility Vehicle (SUV)/Multi-Purpose Vehicle (MPV),,,,,,,,,,,,
JTEHT05JX32044233,2003,TOYOTA,Land Cruiser,VX,Sport Utility Vehicle (SUV)/Multi-Purpose Vehicle (MPV),,,,,,,,,,,,
JTEHT05J132044234,2003,TOYOTA,Land Cruiser,VX,Sport Utility Vehicle (SUV)/Multi-Purpose Vehicle (MPV),,,,,,,,,,,,
JTEHT05J332044235,2003,TOYOTA,Land Cruiser,VX,Sport Utility Vehicle (SUV)/Multi-Purpose Vehicle (MPV),,,,,,,,,,,,
JTEHT05J532044236,2003,TOYOTA,Land Cruiser,VX,Sport Utility Vehicle (SUV)/Multi-Purpose Vehicle (MPV),,,,,,,,,,,,
JTEHT05J732044237,2003,TOYOTA,Land Cruiser,VX,Sport Utility Vehicle (SUV)/Multi-Purpose Vehicle (MPV),,,,,,,,,,,,
JTEHT05J932044238,2003,TOYOTA,Land Cruiser,VX,Sport Utility Vehicle (SUV)/Multi-Purpose Vehicle (MPV),,,,,,,,,,,,
JTEHT05J032044239,2003,TOYOTA,Land Cruiser,VX,Sport Utility Vehicle (SUV)/Multi-Purpose Vehicle (MPV),,,,,,,,,,,,
JTEHT05J732044240,2003,TOYOTA,Land Cruiser,VX,Sport Utility Vehicle (SUV)/Multi-Purpose Vehicle (MPV),,,,,,,,,,,,
JTEHT05J932044241,2003,TOYOTA,Land Cruiser,VX,Sport Utility Vehicle (SUV)/Multi-Purpose Vehicle (MPV),,,,,,,,,,,,
JTEHT05J032044242,2003,TOYOTA,Land Cruiser,VX,Sport Utility Vehicle (SUV)/Multi-Purpose Vehicle (MPV),,,,,,,,,,,,
JTEHT05J232044243,2003,TOYOTA,Land Cruiser,VX,Sport Utility Vehicle (SUV)/Multi-Purpose Vehicle (MPV),,,,,,,,,,,,
JTEHT05J432044244,2003,TOYOTA,Land Cruiser,VX,Sport Utility Vehicle (SUV)/Multi-Purpose Vehicle (MPV),,,,,,,,,,,,
JTEHT05J632044245,2003,TOYOTA,Land Cruiser,VX,Sport Utility Vehicle (SUV)/Multi-Purpose Vehicle (MPV),,,,,,,,,,,,
JTEHT05J832044246,2003,TOYOTA,Land Cruiser,VX,Sport Utility Vehicle (SUV)/Multi-Purpose Vehicle (MPV),,,,,,,,,,,,
JTEHT05JX32044247,2003,TOYOTA,Land Cruiser,VX,Sport Utility Vehicle (SUV)/Multi-Purpose Vehicle (MPV),,,,,,,,,,,,
JTEHT05J132044248,2003,TOYOTA,Land Cruiser,VX,Sport Utility Vehicle (SUV)/Multi-Purpose Vehicle (MPV),,,,,,,,,,,,
JTEHT05J332044249,2003,TOYOTA,Land Cruiser,VX,Sport Utility Vehicle (SUV)/Multi-Purpose Vehicle (MPV),,,,,,,,,,,,
JTEHT05JX32044250,2003,TOYOTA,Land Cruiser,VX,Sport Utility Vehicle (SUV)/Multi-Purpose Vehicle (MPV),,,,,,,,,,,,
JTEHT05J132044251,2003,TOYOTA,Land Cruiser,VX,Sport Utility Vehicle (SUV)/Multi-Purpose Vehicle (MPV),,,,,,,,,,,,
JTEHT05J332044252,2003,TOYOTA,Land Cruiser,VX,Sport Utility Vehicle (SUV)/Multi-Purpose Vehicle (MPV),,,,,,,,,,,,
JTEHT05J532044253,2003,TOYOTA,Land Cruiser,VX,Sport Utility Vehicle (SUV)/Multi-Purpose Vehicle (MPV),,,,,,,,,,,,
JTEHT05J732044254,2003,TOYOTA,Land Cruiser,VX,Sport Utility Vehicle (SUV)/Multi-Purpose Vehicle (MPV),,,,,,,,,,,,
JTEHT05J932044255,2003,TOYOTA,Land Cruiser,VX,Sport Utility Vehicle (SUV)/Multi-Purpose Vehicle (MPV),,,,,,,,,,,,
JTEHT05J032044256,2003,TOYOTA,Land Cruiser,VX,Sport Utility Vehicle (SUV)/Multi-Purpose Vehicle (MPV),,,,,,,,,,,,
JTEHT05J232044257,2003,TOYOTA,Land Cruiser,VX,Sport Utility Vehicle (SUV)/Multi-Purpose Vehicle (MPV),,,,,,,,,,,,
JTEHT05J432044258,2003,TOYOTA,Land Cruiser,VX,Sport Utility Vehicle (SUV)/Multi-Purpose Vehicle (MPV),,,,,,,,,,,,
JTEHT05J632044259,2003,TOYOTA,Land Cruiser,VX,Sport Utility Vehicle (SUV)/Multi-Purpose Vehicle (MPV),,,,,,,,,,,,
JTEHT05J232044260,2003,TOYOTA,Land Cruiser,VX,Sport Utility Vehicle (SUV)/Multi-Purpose Vehicle (MPV),,,,,,,,,,,,
JTEHT05J432044261,2003,TOYOTA,Land Cruiser,VX,Sport Utility Vehicle (SUV)/Multi-Purpose Vehicle (MPV),,,,,,,,,,,,
JTEHT05J632044262,2003,TOYOTA,Land Cruiser,VX,Sport Utility Vehicle (SUV)/Multi-Purpose Vehicle (MPV),,,,,,,,,,,,
JTEHT05J832044263,2003,TOYOTA,Land Cruiser,VX,Sport Utility Vehicle (SUV)/Multi-Purpose Vehicle (MPV),,,,,,,,,,,,
JTEHT05JX32044264,2003,TOYOTA,Land Cruiser,VX,Sport Utility Vehicle (SUV)/Multi-Purpose Vehicle (MPV),,,,,,,,,,,,
JTEHT05J132044265,2003,TOYOTA,Land Cruiser,VX,Sport Utility Vehicle (SUV)/Multi-Purpose Vehicle (MPV),,,,,,,,,,,,
JTEHT05J332044266,2003,TOYOTA,Land Cruiser,VX,Sport Utility Vehicle (SUV)/Multi-Purpose Vehicle (MPV),,,,,,,,,,,,
JTEHT05J532044267,2003,TOYOTA,Land Cruiser,VX,Sport Utility Vehicle (SUV)/Multi-Purpose Vehicle (MPV),,,,,,,,,,,,
JTEHT05J732044268,2003,TOYOTA,Land Cruiser,VX,Sport Utility Vehicle (SUV)/Multi-Purpose Vehicle (MPV),,,,,,,,,,,,
JTEHT05J932044269,2003,TOYOTA,Land Cruiser,VX,Sport Utility Vehicle (SUV)/Multi-Purpose Vehicle (MPV),,,,,,,,,,,,
JTEHT05J532044270,2003,TOYOTA,Land Cruiser,VX,Sport Utility Vehicle (SUV)/Multi-Purpose Vehicle (MPV),,,,,,,,,,,,
JTEHT05J732044271,2003,TOYOTA,Land Cruiser,VX,Sport Utility Vehicle (SUV)/Multi-Purpose Vehicle (MPV),,,,,,,,,,,,
JTEHT05J932044272,2003,TOYOTA,Land Cruiser,VX,Sport Utility Vehicle (SUV)/Multi-Purpose Vehicle (MPV),,,,,,,,,,,,
JTEHT05J032044273,2003,TOYOTA,Land Cruiser,VX,Sport Utility Vehicle (SUV)/Multi-Purpose Vehicle (MPV),,,,,,,,,,,,
JTEHT05J232044274,2003,TOYOTA,Land Cruiser,VX,Sport Utility Vehicle (SUV)/Multi-Purpose Vehicle (MPV),,,,,,,,,,,,
JTEHT05J432044275,2003,TOYOTA,Land Cruiser,VX,Sport Utility Vehicle (SUV)/Multi-Purpose Vehicle (MPV),,,,,,,,,,,,
JTEHT05J632044276,2003,TOYOTA,Land Cruiser,VX,Sport Utility Vehicle (SUV)/Multi-Purpose Vehicle (MPV),,,,,,,,,,,,
JTEHT05J832044277,2003,TOYOTA,Land Cruiser,VX,Sport Utility Vehicle (SUV)/Multi-Purpose Vehicle (MPV),,,,,,,,,,,,
JTEHT05JX32044278,2003,TOYOTA,Land Cruiser,VX,Sport Utility Vehicle (SUV)/Multi-Purpose Vehicle (MPV),,,,,,,,,,,,
JTEHT05J132044279,2003,TOYOTA,Land Cruiser,VX,Sport Utility Vehicle (SUV)/Multi-Purpose Vehicle (MPV),,,,,,,,,,,,
JTEHT05J832044280,2003,TOYOTA,Land Cruiser,VX,Sport Utility Vehicle (SUV)/Multi-Purpose Vehicle (MPV),,,,,,,,,,,,
JTEHT05JX32044281,2003,TOYOTA,Land Cruiser,VX,Sport Utility Vehicle (SUV)/Multi-Purpose Vehicle (MPV),,,,,,,,,,,,
JTEHT05J132044282,2003,TOYOTA,Land Cruiser,VX,Sport Utility Vehicle (SUV)/Multi-Purpose Vehicle (MPV),,,,,,,,,,,,
JTEHT05J332044283,2003,TOYOTA,Land Cruiser,VX,Sport Utility Vehicle (SUV)/Multi-Purpose Vehicle (MPV),,,,,,,,,,,,
JTEHT05J532044284,2003,TOYOTA,Land Cruiser,VX,Sport Utility Vehicle (SUV)/Multi-Purpose Vehicle (MPV),,,,,,,,,,,,
JTEHT05J732044285,2003,TOYOTA,Land Cruiser,VX,Sport Utility Vehicle (SUV)/Multi-Purpose Vehicle (MPV),,,,,,,,,,,,
JTEHT05J932044286,2003,TOYOTA,Land Cruiser,VX,Sport Utility Vehicle (SUV)/Multi-Purpose Vehicle (MPV),,,,,,,,,,,,
JTEHT05J032044287,2003,TOYOTA,Land Cruiser,VX,Sport Utility Vehicle (SUV)/Multi-Purpose Vehicle (MPV),,,,,,,,,,,,
JTEHT05J232044288,2003,TOYOTA,Land Cruiser,VX,Sport Utility Vehicle (SUV)/Multi-Purpose Vehicle (MPV),,,,,,,,,,,,
JTEHT05J432044289,2003,TOYOTA,Land Cruiser,VX,Sport Utility Vehicle (SUV)/Multi-Purpose Vehicle (MPV),,,,,,,,,,,,
JTEHT05J032044290,2003,TOYOTA,Land Cruiser,VX,Sport Utility Vehicle (SUV)/Multi-Purpose Vehicle (MPV),,,,,,,,,,,,
JTEHT05J232044291,2003,TOYOTA,Land Cruiser,VX,Sport Utility Vehicle (SUV)/Multi-Purpose Vehicle (MPV),,,,,,,,,,,,
JTEHT05J432044292,2003,TOYOTA,Land Cruiser,VX,Sport Utility Vehicle (SUV)/Multi-Purpose Vehicle (MPV),,,,,,,,,,,,
JTEHT05J632044293,2003,TOYOTA,Land Cruiser,VX,Sport Utility Vehicle (SUV)/Multi-Purpose Vehicle (MPV),,,,,,,,,,,,
JTEHT05J832044294,2003,TOYOTA,Land Cruiser,VX,Sport Utility Vehicle (SUV)/Multi-Purpose Vehicle (MPV),,,,,,,,,,,,
JTEHT05JX32044295,2003,TOYOTA,Land Cruiser,VX,Sport Utility Vehicle (SUV)/Multi-Purpose Vehicle (MPV),,,,,,,,,,,,
JTEHT05J132044296,2003,TOYOTA,Land Cruiser,VX,Sport Utility Vehicle (SUV)/Multi-Purpose Vehicle (MPV),,,,,,,,,,,,
JTEHT05J332044297,2003,TOYOTA,Land Cruiser,VX,Sport Utility Vehicle (SUV)/Multi-Purpose Vehicle (MPV),,,,,,,,,,,,
JTEHT05J532044298,2003,TOYOTA,Land Cruiser,VX,Sport Utility Vehicle (SUV)/Multi-Purpose Vehicle (MPV),,,,,,,,,,,,
JTEHT05J732044299,2003,TOYOTA,Land Cruiser,VX,Sport Utility Vehicle (SUV)/Multi-Purpose Vehicle (MPV),,,,,,,,,,,,
JTEHT05JX32044300,2003,TOYOTA,Land Cruiser,VX,Sport Utility Vehicle (SUV)/Multi-Purpose Vehicle (MPV),,,,,,,,,,,,
JTEHT05J132044301,2003,TOYOTA,Land Cruiser,VX,Sport Utility Vehicle (SUV)/Multi-Purpose Vehicle (MPV),,,,,,,,,,,,
JTEHT05J332044302,2003,TOYOTA,Land Cruiser,VX,Sport Utility Vehicle (SUV)/Multi-Purpose Vehicle (MPV),,,,,,,,,,,,
JTEHT05J532044303,2003,TOYOTA,Land Cruiser,VX,Sport Utility Vehicle (SUV)/Multi-Purpose Vehicle (MPV),,,,,,,,,,,,
JTEHT05J732044304,2003,TOYOTA,Land Cruiser,VX,Sport Utility Vehicle (SUV)/Multi-Purpose Vehicle (MPV),,,,,,,,,,,,
JTEHT05J932044305,2003,TOYOTA,Land Cruiser,VX,Sport Utility Vehicle (SUV)/Multi-Purpose Vehicle (MPV),,,,,,,,,,,,
JTEHT05J032044306,2003,TOYOTA,Land Cruiser,VX,Sport Utility Vehicle (SUV)/Multi-Purpose Vehicle (MPV),,,,,,,,,,,,
JTEHT05J232044307,2003,TOYOTA,Land Cruiser,VX,Sport Utility Vehicle (SUV)/Multi-Purpose Vehicle (MPV),,,,,,,,,,,,
JTEHT05J432044308,2003,TOYOTA,Land Cruiser,VX,Sport Utility Vehicle (SUV)/Multi-Purpose Vehicle (MPV),,,,,,,,,,,,
JTEHT05J632044309,2003,TOYOTA,Land Cruiser,VX,Sport Utility Vehicle (SUV)/Multi-Purpose Vehicle (MPV),,,,,,,,,,,,
JTEHT05J232044310,2003,TOYOTA,Land Cruiser,VX,Sport Utility Vehicle (SUV)/Multi-Purpose Vehicle (MPV),,,,,,,,,,,,
JTEHT05J432044311,2003,TOYOTA,Land Cruiser,VX,Sport Utility Vehicle (SUV)/Multi-Purpose Vehicle (MPV),,,,,,,,,,,,
JTEHT05J632044312,2003,TOYOTA,Land Cruiser,VX,Sport Utility Vehicle (SUV)/Multi-Purpose Vehicle (MPV),,,,,,,,,,,,
JTEHT05J832044313,2003,TOYOTA,Land Cruiser,VX,Sport Utility Vehicle (SUV)/Multi-Purpose Vehicle (MPV),,,,,,,,,,,,
JTEHT05JX32044314,2003,TOYOTA,Land Cruiser,VX,Sport Utility Vehicle (SUV)/Multi-Purpose Vehicle (MPV),,,,,,,,,,,,
JTEHT05J132044315,2003,TOYOTA,Land Cruiser,VX,Sport Utility Vehicle (SUV)/Multi-Purpose Vehicle (MPV),,,,,,,,,,,,
JTEHT05J332044316,2003,TOYOTA,Land Cruiser,VX,Sport Utility Vehicle (SUV)/Multi-Purpose Vehicle (MPV),,,,,,,,,,,,
JTEHT05J532044317,2003,TOYOTA,Land Cruiser,VX,Sport Utility Vehicle (SUV)/Multi-Purpose Vehicle (MPV),,,,,,,,,,,,
JTEHT05J732044318,2003,TOYOTA,Land Cruiser,VX,Sport Utility Vehicle (SUV)/Multi-Purpose Vehicle (MPV),,,,,,,,,,,,
JTEHT05J932044319,2003,TOYOTA,Land Cruiser,VX,Sport Utility Vehicle (SUV)/Multi-Purpose Vehicle (MPV),,,,,,,,,,,,
JTEHT05J532044320,2003,TOYOTA,Land Cruiser,VX,Sport Utility Vehicle (SUV)/Multi-Purpose Vehicle (MPV),,,,,,,,,,,,
JTEHT05J732044321,2003,TOYOTA,Land Cruiser,VX,Sport Utility Vehicle (SUV)/Multi-Purpose Vehicle (MPV),,,,,,,,,,,,
JTEHT05J932044322,2003,TOYOTA,Land Cruiser,VX,Sport Utility Vehicle (SUV)/Multi-Purpose Vehicle (MPV),,,,,,,,,,,,
JTEHT05J032044323,2003,TOYOTA,Land Cruiser,VX,Sport Utility Vehicle (SUV)/Multi-Purpose Vehicle (MPV),,,,,,,,,,,,
JTEHT05J232044324,2003,TOYOTA,Land Cruiser,VX,Sport Utility Vehicle (SUV)/Multi-Purpose Vehicle (MPV),,,,,,,,,,,,
JTEHT05J432044325,2003,TOYOTA,Land Cruiser,VX,Sport Utility Vehicle (SUV)/Multi-Purpose Vehicle (MPV),,,,,,,,,,,,
JTEHT05J632044326,2003,TOYOTA,Land Cruiser,VX,Sport Utility Vehicle (SUV)/Multi-Purpose Vehicle (MPV),,,,,,,,,,,,
JTEHT05J832044327,2003,TOYOTA,Land Cruiser,VX,Sport Utility Vehicle (SUV)/Multi-Purpose Vehicle (MPV),,,,,,,,,,,,
JTEHT05JX32044328,2003,TOYOTA,Land Cruiser,VX,Sport Utility Vehicle (SUV)/Multi-Purpose Vehicle (MPV),,,,,,,,,,,,
JTEHT05J132044329,2003,TOYOTA,Land Cruiser,VX,Sport Utility Vehicle (SUV)/Multi-Purpose Vehicle (MPV),,,,,,,,,,,,
JTEHT05J832044330,2003,TOYOTA,Land Cruiser,VX,Sport Utility Vehicle (SUV)/Multi-Purpose Vehicle (MPV),,,,,,,,,,,,
JTEHT05JX32044331,2003,TOYOTA,Land Cruiser,VX,Sport Utility Vehicle (SUV)/Multi-Purpose Vehicle (MPV),,,,,,,,,,,,
JTEHT05J132044332,2003,TOYOTA,Land Cruiser,VX,Sport Utility Vehicle (SUV)/Multi-Purpose Vehicle (MPV),,,,,,,,,,,,
JTEHT05J332044333,2003,TOYOTA,Land Cruiser,VX,Sport Utility Vehicle (SUV)/Multi-Purpose Vehicle (MPV),,,,,,,,,,,,
JTEHT05J532044334,2003,TOYOTA,Land Cruiser,VX,Sport Utility Vehicle (SUV)/Multi-Purpose Vehicle (MPV),,,,,,,,,,,,
JTEHT05J732044335,2003,TOYOTA,Land Cruiser,VX,Sport Utility Vehicle (SUV)/Multi-Purpose Vehicle (MPV),,,,,,,,,,,,
JTEHT05J932044336,2003,TOYOTA,Land Cruiser,VX,Sport Utility Vehicle (SUV)/Multi-Purpose Vehicle (MPV),,,,,,,,,,,,
JTEHT05J032044337,2003,TOYOTA,Land Cruiser,VX,Sport Utility Vehicle (SUV)/Multi-Purpose Vehicle (MPV),,,,,,,,,,,,
JTEHT05J232044338,2003,TOYOTA,Land Cruiser,VX,Sport Utility Vehicle (SUV)/Multi-Purpose Vehicle (MPV),,,,,,,,,,,,
JTEHT05J432044339,2003,TOYOTA,Land Cruiser,VX,Sport Utility Vehicle (SUV)/Multi-Purpose Vehicle (MPV),,,,,,,,,,,,
JTEHT05J032044340,2003,TOYOTA,Land Cruiser,VX,Sport Utility Vehicle (SUV)/Multi-Purpose Vehicle (MPV),,,,,,,,,,,,
JTEHT05J232044341,2003,TOYOTA,Land Cruiser,VX,Sport Utility Vehicle (SUV)/Multi-Purpose Vehicle (MPV),,,,,,,,,,,,
JTEHT05J432044342,2003,TOYOTA,Land Cruiser,VX,Sport Utility Vehicle (SUV)/Multi-Purpose Vehicle (MPV),,,,,,,,,,,,
JTEHT05J632044343,2003,TOYOTA,Land Cruiser,VX,Sport Utility Vehicle (SUV)/Multi-Purpose Vehicle (MPV),,,,,,,,,,,,
JTEHT05J832044344,2003,TOYOTA,Land Cruiser,VX,Sport Utility Vehicle (SUV)/Multi-Purpose Vehicle (MPV),,,,,,,,,,,,
JTEHT05JX32044345,2003,TOYOTA,Land Cruiser,VX,Sport Utility Vehicle (SUV)/Multi-Purpose Vehicle (MPV),,,,,,,,,,,,
JTEHT05J132044346,2003,TOYOTA,Land Cruiser,VX,Sport Utility Vehicle (SUV)/Multi-Purpose Vehicle (MPV),,,,,,,,,,,,
JTEHT05J332044347,2003,TOYOTA,Land Cruiser,VX,Sport Utility Vehicle (SUV)/Multi-Purpose Vehicle (MPV),,,,,,,,,,,,
JTEHT05J532044348,2003,TOYOTA,Land Cruiser,VX,Sport Utility Vehicle (SUV)/Multi-Purpose Vehicle (MPV),,,,,,,,,,,,
JTEHT05J732044349,2003,TOYOTA,Land Cruiser,VX,Sport Utility Vehicle (SUV)/Multi-Purpose Vehicle (MPV),,,,,,,,,,,,
JTEHT05J332044350,2003,TOYOTA,Land Cruiser,VX,Sport Utility Vehicle (SUV)/Multi-Purpose Vehicle (MPV),,,,,,,,,,,,
JTEHT05J532044351,2003,TOYOTA,Land Cruiser,VX,Sport Utility Vehicle (SUV)/Multi-Purpose Vehicle (MPV),,,,,,,,,,,,
JTEHT05J732044352,2003,TOYOTA,Land Cruiser,VX,Sport Utility Vehicle (SUV)/Multi-Purpose Vehicle (MPV),,,,,,,,,,,,
JTEHT05J932044353,2003,TOYOTA,Land Cruiser,VX,Sport Utility Vehicle (SUV)/Multi-Purpose Vehicle (MPV),,,,,,,,,,,,
JTEHT05J032044354,2003,TOYOTA,Land Cruiser,VX,Sport Utility Vehicle (SUV)/Multi-Purpose Vehicle (MPV),,,,,,,,,,,,
JTEHT05J232044355,2003,TOYOTA,Land Cruiser,VX,Sport Utility Vehicle (SUV)/Multi-Purpose Vehicle (MPV),,,,,,,,,,,,
JTEHT05J432044356,2003,TOYOTA,Land Cruiser,VX,Sport Utility Vehicle (SUV)/Multi-Purpose Vehicle (MPV),,,,,,,,,,,,
JTEHT05J632044357,2003,TOYOTA,Land Cruiser,VX,Sport Utility Vehicle (SUV)/Multi-Purpose Vehicle (MPV),,,,,,,,,,,,
JTEHT05J832044358,2003,TOYOTA,Land Cruiser,VX,Sport Utility Vehicle (SUV)/Multi-Purpose Vehicle (MPV),,,,,,,,,,,,
JTEHT05JX32044359,2003,TOYOTA,Land Cruiser,VX,Sport Utility Vehicle (SUV)/Multi-Purpose Vehicle (MPV),,,,,,,,,,,,
JTEHT05J632044360,2003,TOYOTA,Land Cruiser,VX,Sport Utility Vehicle (SUV)/Multi-Purpose Vehicle (MPV),,,,,,,,,,,,
JTEHT05J832044361,2003,TOYOTA,Land Cruiser,VX,Sport Utility Vehicle (SUV)/Multi-Purpose Vehicle (MPV),,,,,,,,,,,,
JTEHT05JX32044362,2003,TOYOTA,Land Cruiser,VX,Sport Utility Vehicle (SUV)/Multi-Purpose Vehicle (MPV),,,,,,,,,,,,
JTEHT05J132044363,2003,TOYOTA,Land Cruiser,VX,Sport Utility Vehicle (SUV)/Multi-Purpose Vehicle (MPV),,,,,,,,,,,,
JTEHT05J332044364,2003,TOYOTA,Land Cruiser,VX,Sport Utility Vehicle (SUV)/Multi-Purpose Vehicle (MPV),,,,,,,,,,,,
JTEHT05J532044365,2003,TOYOTA,Land Cruiser,VX,Sport Utility Vehicle (SUV)/Multi-Purpose Vehicle (MPV),,,,,,,,,,,,
JTEHT05J732044366,2003,TOYOTA,Land Cruiser,VX,Sport Utility Vehicle (SUV)/Multi-Purpose Vehicle (MPV),,,,,,,,,,,,
JTEHT05J932044367,2003,TOYOTA,Land Cruiser,VX,Sport Utility Vehicle (SUV)/Multi-Purpose Vehicle (MPV),,,,,,,,,,,,
JTEHT05J032044368,2003,TOYOTA,Land Cruiser,VX,Sport Utility Vehicle (SUV)/Multi-Purpose Vehicle (MPV),,,,,,,,,,,,
JTEHT05J232044369,2003,TOYOTA,Land Cruiser,VX,Sport Utility Vehicle (SUV)/Multi-Purpose Vehicle (MPV),,,,,,,,,,,,
JTEHT05J932044370,2003,TOYOTA,Land Cruiser,VX,Sport Utility Vehicle (SUV)/Multi-Purpose Vehicle (MPV),,,,,,,,,,,,
JTEHT05J032044371,2003,TOYOTA,Land Cruiser,VX,Sport Utility Vehicle (SUV)/Multi-Purpose Vehicle (MPV),,,,,,,,,,,,
JTEHT05J232044372,2003,TOYOTA,Land Cruiser,VX,Sport Utility Vehicle (SUV)/Multi-Purpose Vehicle (MPV),,,,,,,,,,,,
JTEHT05J432044373,2003,TOYOTA,Land Cruiser,VX,Sport Utility Vehicle (SUV)/Multi-Purpose Vehicle (MPV),,,,,,,,,,,,
JTEHT05J632044374,2003,TOYOTA,Land Cruiser,VX,Sport Utility Vehicle (SUV)/Multi-Purpose Vehicle (MPV),,,,,,,,,,,,
JTEHT05J832044375,2003,TOYOTA,Land Cruiser,VX,Sport Utility Vehicle (SUV)/Multi-Purpose Vehicle (MPV),,,,,,,,,,,,
JTEHT05JX32044376,2003,TOYOTA,Land Cruiser,VX,Sport Utility Vehicle (SUV)/Multi-Purpose Vehicle (MPV),,,,,,,,,,,,
JTEHT05J132044377,2003,TOYOTA,Land Cruiser,VX,Sport Utility Vehicle (SUV)/Multi-Purpose Vehicle (MPV),,,,,,,,,,,,
JTEHT05J332044378,2003,TOYOTA,Land Cruiser,VX,Sport Utility Vehicle (SUV)/Multi-Purpose Vehicle (MPV),,,,,,,,,,,,
JTEHT05J532044379,2003,TOYOTA,Land Cruiser,VX,Sport Utility Vehicle (SUV)/Multi-Purpose Vehicle (MPV),,,,,,,,,,,,
JTEHT05J132044380,2003,TOYOTA,Land Cruiser,VX,Sport Utility Vehicle (SUV)/Multi-Purpose Vehicle (MPV),,,,,,,,,,,,
JTEHT05J332044381,2003,TOYOTA,Land Cruiser,VX,Sport Utility Vehicle (SUV)/Multi-Purpose Vehicle (MPV),,,,,,,,,,,,
JTEHT05J532044382,2003,TOYOTA,Land Cruiser,VX,Sport Utility Vehicle (SUV)/Multi-Purpose Vehicle (MPV),,,,,,,,,,,,
JTEHT05J732044383,2003,TOYOTA,Land Cruiser,VX,Sport Utility Vehicle (SUV)/Multi-Purpose Vehicle (MPV),,,,,,,,,,,,
JTEHT05J932044384,2003,TOYOTA,Land Cruiser,VX,Sport Utility Vehicle (SUV)/Multi-Purpose Vehicle (MPV),,,,,,,,,,,,
JTEHT05J032044385,2003,TOYOTA,Land Cruiser,VX,Sport Utility Vehicle (SUV)/Multi-Purpose Vehicle (MPV),,,,,,,,,,,,
JTEHT05J232044386,2003,TOYOTA,Land Cruiser,VX,Sport Utility Vehicle (SUV)/Multi-Purpose Vehicle (MPV),,,,,,,,,,,,
JTEHT05J432044387,2003,TOYOTA,Land Cruiser,VX,Sport Utility Vehicle (SUV)/Multi-Purpose Vehicle (MPV),,,,,,,,,,,,
JTEHT05J632044388,2003,TOYOTA,Land Cruiser,VX,Sport Utility Vehicle (SUV)/Multi-Purpose Vehicle (MPV),,,,,,,,,,,,
JTEHT05J832044389,2003,TOYOTA,Land Cruiser,VX,Sport Utility Vehicle (SUV)/Multi-Purpose Vehicle (MPV),,,,,,,,,,,,
JTEHT05J432044390,2003,TOYOTA,Land Cruiser,VX,Sport Utility Vehicle (SUV)/Multi-Purpose Vehicle (MPV),,,,,,,,,,,,
JTEHT05J632044391,2003,TOYOTA,Land Cruiser,VX,Sport Utility Vehicle (SUV)/Multi-Purpose Vehicle (MPV),,,,,,,,,,,,
JTEHT05J832044392,2003,TOYOTA,Land Cruiser,VX,Sport Utility Vehicle (SUV)/Multi-Purpose Vehicle (MPV),,,,,,,,,,,,
JTEHT05JX32044393,2003,TOYOTA,Land Cruiser,VX,Sport Utility Vehicle (SUV)/Multi-Purpose Vehicle (MPV),,,,,,,,,,,,
JTEHT05J132044394,2003,TOYOTA,Land Cruiser,VX,Sport Utility Vehicle (SUV)/Multi-Purpose Vehicle (MPV),,,,,,,,,,,,
JTEHT05J332044395,2003,TOYOTA,Land Cruiser,VX,Sport Utility Vehicle (SUV)/Multi-Purpose Vehicle (MPV),,,,,,,,,,,,
JTEHT05J532044396,2003,TOYOTA,Land Cruiser,VX,Sport Utility Vehicle (SUV)/Multi-Purpose Vehicle (MPV),,,,,,,,,,,,
JTEHT05J732044397,2003,TOYOTA,Land Cruiser,VX,Sport Utility Vehicle (SUV)/Multi-Purpose Vehicle (MPV),,,,,,,,,,,,
JTEHT05J932044398,2003,TOYOTA,Land Cruiser,VX,Sport Utility Vehicle (SUV)/Multi-Purpose Vehicle (MPV),,,,,,,,,,,,
JTEHT05J032044399,2003,TOYOTA,Land Cruiser,VX,Sport Utility Vehicle (SUV)/Multi-Purpose Vehicle (MPV),,,,,,,,,,,,
JTEHT05J332044400,2003,TOYOTA,Land Cruiser,VX,Sport Utility Vehicle (SUV)/Multi-Purpose Vehicle (MPV),,,,,,,,,,,,
JTEHT05J532044401,2003,TOYOTA,Land Cruiser,VX,Sport Utility Vehicle (SUV)/Multi-Purpose Vehicle (MPV),,,,,,,,,,,,
JTEHT05J732044402,2003,TOYOTA,Land Cruiser,VX,Sport Utility Vehicle (SUV)/Multi-Purpose Vehicle (MPV),,,,,,,,,,,,
JTEHT05J932044403,2003,TOYOTA,Land Cruiser,VX,Sport Utility Vehicle (SUV)/Multi-Purpose Vehicle (MPV),,,,,,,,,,,,
JTEHT05J032044404,2003,TOYOTA,Land Cruiser,VX,Sport Utility Vehicle (SUV)/Multi-Purpose Vehicle (MPV),,,,,,,,,,,,
JTEHT05J232044405,2003,TOYOTA,Land Cruiser,VX,Sport Utility Vehicle (SUV)/Multi-Purpose Vehicle (MPV),,,,,,,,,,,,
JTEHT05J432044406,2003,TOYOTA,Land Cruiser,VX,Sport Utility Vehicle (SUV)/Multi-Purpose Vehicle (MPV),,,,,,,,,,,,
JTEHT05J632044407,2003,TOYOTA,Land Cruiser,VX,Sport Utility Vehicle (SUV)/Multi-Purpose Vehicle (MPV),,,,,,,,,,,,
JTEHT05J832044408,2003,TOYOTA,Land Cruiser,VX,Sport Utility Vehicle (SUV)/Multi-Purpose Vehicle (MPV),,,,,,,,,,,,
JTEHT05JX32044409,2003,TOYOTA,Land Cruiser,VX,Sport Utility Vehicle (SUV)/Multi-Purpose Vehicle (MPV),,,,,,,,,,,,
JTEHT05J632044410,2003,TOYOTA,Land Cruiser,VX,Sport Utility Vehicle (SUV)/Multi-Purpose Vehicle (MPV),,,,,,,,,,,,
JTEHT05J832044411,2003,TOYOTA,Land Cruiser,VX,Sport Utility Vehicle (SUV)/Multi-Purpose Vehicle (MPV),,,,,,,,,,,,
JTEHT05JX32044412,2003,TOYOTA,Land Cruiser,VX,Sport Utility Vehicle (SUV)/Multi-Purpose Vehicle (MPV),,,,,,,,,,,,
JTEHT05J132044413,2003,TOYOTA,Land Cruiser,VX,Sport Utility Vehicle (SUV)/Multi-Purpose Vehicle (MPV),,,,,,,,,,,,
JTEHT05J332044414,2003,TOYOTA,Land Cruiser,VX,Sport Utility Vehicle (SUV)/Multi-Purpose Vehicle (MPV),,,,,,,,,,,,
JTEHT05J532044415,2003,TOYOTA,Land Cruiser,VX,Sport Utility Vehicle (SUV)/Multi-Purpose Vehicle (MPV),,,,,,,,,,,,
JTEHT05J732044416,2003,TOYOTA,Land Cruiser,VX,Sport Utility Vehicle (SUV)/Multi-Purpose Vehicle (MPV),,,,,,,,,,,,
JTEHT05J932044417,2003,TOYOTA,Land Cruiser,VX,Sport Utility Vehicle (SUV)/Multi-Purpose Vehicle (MPV),,,,,,,,,,,,
JTEHT05J032044418,2003,TOYOTA,Land Cruiser,VX,Sport Utility Vehicle (SUV)/Multi-Purpose Vehicle (MPV),,,,,,,,,,,,
JTEHT05J232044419,2003,TOYOTA,Land Cruiser,VX,Sport Utility Vehicle (SUV)/Multi-Purpose Vehicle (MPV),,,,,,,,,,,,
JTEHT05J932044420,2003,TOYOTA,Land Cruiser,VX,Sport Utility Vehicle (SUV)/Multi-Purpose Vehicle (MPV),,,,,,,,,,,,
JTEHT05J032044421,2003,TOYOTA,Land Cruiser,VX,Sport Utility Vehicle (SUV)/Multi-Purpose Vehicle (MPV),,,,,,,,,,,,
JTEHT05J232044422,2003,TOYOTA,Land Cruiser,VX,Sport Utility Vehicle (SUV)/Multi-Purpose Vehicle (MPV),,,,,,,,,,,,
JTEHT05J432044423,2003,TOYOTA,Land Cruiser,VX,Sport Utility Vehicle (SUV)/Multi-Purpose Vehicle (MPV),,,,,,,,,,,,
JTEHT05J632044424,2003,TOYOTA,Land Cruiser,VX,Sport Utility Vehicle (SUV)/Multi-Purpose Vehicle (MPV),,,,,,,,,,,,
JTEHT05J832044425,2003,TOYOTA,Land Cruiser,VX,Sport Utility Vehicle (SUV)/Multi-Purpose Vehicle (MPV),,,,,,,,,,,,
JTEHT05JX32044426,2003,TOYOTA,Land Cruiser,VX,Sport Utility Vehicle (SUV)/Multi-Purpose Vehicle (MPV),,,,,,,,,,,,
JTEHT05J132044427,2003,TOYOTA,Land Cruiser,VX,Sport Utility Vehicle (SUV)/Multi-Purpose Vehicle (MPV),,,,,,,,,,,,
JTEHT05J332044428,2003,TOYOTA,Land Cruiser,VX,Sport Utility Vehicle (SUV)/Multi-Purpose Vehicle (MPV),,,,,,,,,,,,
JTEHT05J532044429,2003,TOYOTA,Land Cruiser,VX,Sport Utility Vehicle (SUV)/Multi-Purpose Vehicle (MPV),,,,,,,,,,,,
JTEHT05J132044430,2003,TOYOTA,Land Cruiser,VX,Sport Utility Vehicle (SUV)/Multi-Purpose Vehicle (MPV),,,,,,,,,,,,
JTEHT05J332044431,2003,TOYOTA,Land Cruiser,VX,Sport Utility Vehicle (SUV)/Multi-Purpose Vehicle (MPV),,,,,,,,,,,,
JTEHT05J532044432,2003,TOYOTA,Land Cruiser,VX,Sport Utility Vehicle (SUV)/Multi-Purpose Vehicle (MPV),,,,,,,,,,,,
JTEHT05J732044433,2003,TOYOTA,Land Cruiser,VX,Sport Utility Vehicle (SUV)/Multi-Purpose Vehicle (MPV),,,,,,,,,,,,
JTEHT05J932044434,2003,TOYOTA,Land Cruiser,VX,Sport Utility Vehicle (SUV)/Multi-Purpose Vehicle (MPV),,,,,,,,,,,,
JTEHT05J032044435,2003,TOYOTA,Land Cruiser,VX,Sport Utility Vehicle (SUV)/Multi-Purpose Vehicle (MPV),,,,,,,,,,,,
JTEHT05J232044436,2003,TOYOTA,Land Cruiser,VX,Sport Utility Vehicle (SUV)/Multi-Purpose Vehicle (MPV),,,,,,,,,,,,
JTEHT05J432044437,2003,TOYOTA,Land Cruiser,VX,Sport Utility Vehicle (SUV)/Multi-Purpose Vehicle (MPV),,,,,,,,,,,,
JTEHT05J632044438,2003,TOYOTA,Land Cruiser,VX,Sport Utility Vehicle (SUV)/Multi-Purpose Vehicle (MPV),,,,,,,,,,,,
JTEHT05J832044439,2003,TOYOTA,Land Cruiser,VX,Sport Utility Vehicle (SUV)/Multi-Purpose Vehicle (MPV),,,,,,,,,,,,
JTEHT05J432044440,2003,TOYOTA,Land Cruiser,VX,Sport Utility Vehicle (SUV)/Multi-Purpose Vehicle (MPV),,,,,,,,,,,,
JTEHT05J632044441,2003,TOYOTA,Land Cruiser,VX,Sport Utility Vehicle (SUV)/Multi-Purpose Vehicle (MPV),,,,,,,,,,,,
JTEHT05J832044442,2003,TOYOTA,Land Cruiser,VX,Sport Utility Vehicle (SUV)/Multi-Purpose Vehicle (MPV),,,,,,,,,,,,
JTEHT05JX32044443,2003,TOYOTA,Land Cruiser,VX,Sport Utility Vehicle (SUV)/Multi-Purpose Vehicle (MPV),,,,,,,,,,,,
JTEHT05J132044444,2003,TOYOTA,Land Cruiser,VX,Sport Utility Vehicle (SUV)/Multi-Purpose Vehicle (MPV),,,,,,,,,,,,
JTEHT05J332044445,2003,TOYOTA,Land Cruiser,VX,Sport Utility Vehicle (SUV)/Multi-Purpose Vehicle (MPV),,,,,,,,,,,,
JTEHT05J532044446,2003,TOYOTA,Land Cruiser,VX,Sport Utility Vehicle (SUV)/Multi-Purpose Vehicle (MPV),,,,,,,,,,,,
JTEHT05J732044447,2003,TOYOTA,Land Cruiser,VX,Sport Utility Vehicle (SUV)/Multi-Purpose Vehicle (MPV),,,,,,,,,,,,
JTEHT05J932044448,2003,TOYOTA,Land Cruiser,VX,Sport Utility Vehicle (SUV)/Multi-Purpose Vehicle (MPV),,,,,,,,,,,,
JTEHT05J032044449,2003,TOYOTA,Land Cruiser,VX,Sport Utility Vehicle (SUV)/Multi-Purpose Vehicle (MPV),,,,,,,,,,,,
JTEHT05J732044450,2003,TOYOTA,Land Cruiser,VX,Sport Utility Vehicle (SUV)/Multi-Purpose Vehicle (MPV),,,,,,,,,,,,
JTEHT05J932044451,2003,TOYOTA,Land Cruiser,VX,Sport Utility Vehicle (SUV)/Multi-Purpose Vehicle (MPV),,,,,,,,,,,,
JTEHT05J032044452,2003,TOYOTA,Land Cruiser,VX,Sport Utility Vehicle (SUV)/Multi-Purpose Vehicle (MPV),,,,,,,,,,,,
JTEHT05J232044453,2003,TOYOTA,Land Cruiser,VX,Sport Utility Vehicle (SUV)/Multi-Purpose Vehicle (MPV),,,,,,,,,,,,
JTEHT05J432044454,2003,TOYOTA,Land Cruiser,VX,Sport Utility Vehicle (SUV)/Multi-Purpose Vehicle (MPV),,,,,,,,,,,,
JTEHT05J632044455,2003,TOYOTA,Land Cruiser,VX,Sport Utility Vehicle (SUV)/Multi-Purpose Vehicle (MPV),,,,,,,,,,,,
JTEHT05J832044456,2003,TOYOTA,Land Cruiser,VX,Sport Utility Vehicle (SUV)/Multi-Purpose Vehicle (MPV),,,,,,,,,,,,
JTEHT05JX32044457,2003,TOYOTA,Land Cruiser,VX,Sport Utility Vehicle (SUV)/Multi-Purpose Vehicle (MPV),,,,,,,,,,,,
JTEHT05J132044458,2003,TOYOTA,Land Cruiser,VX,Sport Utility Vehicle (SUV)/Multi-Purpose Vehicle (MPV),,,,,,,,,,,,
JTEHT05J332044459,2003,TOYOTA,Land Cruiser,VX,Sport Utility Vehicle (SUV)/Multi-Purpose Vehicle (MPV),,,,,,,,,,,,
JTEHT05JX32044460,2003,TOYOTA,Land Cruiser,VX,Sport Utility Vehicle (SUV)/Multi-Purpose Vehicle (MPV),,,,,,,,,,,,
JTEHT05J132044461,2003,TOYOTA,Land Cruiser,VX,Sport Utility Vehicle (SUV)/Multi-Purpose Vehicle (MPV),,,,,,,,,,,,
JTEHT05J332044462,2003,TOYOTA,Land Cruiser,VX,Sport Utility Vehicle (SUV)/Multi-Purpose Vehicle (MPV),,,,,,,,,,,,
JTEHT05J532044463,2003,TOYOTA,Land Cruiser,VX,Sport Utility Vehicle (SUV)/Multi-Purpose Vehicle (MPV),,,,,,,,,,,,
JTEHT05J732044464,2003,TOYOTA,Land Cruiser,VX,Sport Utility Vehicle (SUV)/Multi-Purpose Vehicle (MPV),,,,,,,,,,,,
JTEHT05J932044465,2003,TOYOTA,Land Cruiser,VX,Sport Utility Vehicle (SUV)/Multi-Purpose Vehicle (MPV),,,,,,,,,,,,
JTEHT05J032044466,2003,TOYOTA,Land Cruiser,VX,Sport Utility Vehicle (SUV)/Multi-Purpose Vehicle (MPV),,,,,,,,,,,,
JTEHT05J232044467,2003,TOYOTA,Land Cruiser,VX,Sport Utility Vehicle (SUV)/Multi-Purpose Vehicle (MPV),,,,,,,,,,,,
JTEHT05J432044468,2003,TOYOTA,Land Cruiser,VX,Sport Utility Vehicle (SUV)/Multi-Purpose Vehicle (MPV),,,,,,,,,,,,
JTEHT05J632044469,2003,TOYOTA,Land Cruiser,VX,Sport Utility Vehicle (SUV)/Multi-Purpose Vehicle (MPV),,,,,,,,,,,,
JTEHT05J232044470,2003,TOYOTA,Land Cruiser,VX,Sport Utility Vehicle (SUV)/Multi-Purpose Vehicle (MPV),,,,,,,,,,,,
JTEHT05J432044471,2003,TOYOTA,Land Cruiser,VX,Sport Utility Vehicle (SUV)/Multi-Purpose Vehicle (MPV),,,,,,,,,,,,
JTEHT05J632044472,2003,TOYOTA,Land Cruiser,VX,Sport Utility Vehicle (SUV)/Multi-Purpose Vehicle (MPV),,,,,,,,,,,,
JTEHT05J832044473,2003,TOYOTA,Land Cruiser,VX,Sport Utility Vehicle (SUV)/Multi-Purpose Vehicle (MPV),,,,,,,,,,,,
JTEHT05JX32044474,2003,TOYOTA,Land Cruiser,VX,Sport Utility Vehicle (SUV)/Multi-Purpose Vehicle (MPV),,,,,,,,,,,,
JTEHT05J132044475,2003,TOYOTA,Land Cruiser,VX,Sport Utility Vehicle (SUV)/Multi-Purpose Vehicle (MPV),,,,,,,,,,,,
JTEHT05J332044476,2003,TOYOTA,Land Cruiser,VX,Sport Utility Vehicle (SUV)/Multi-Purpose Vehicle (MPV),,,,,,,,,,,,
JTEHT05J532044477,2003,TOYOTA,Land Cruiser,VX,Sport Utility Vehicle (SUV)/Multi-Purpose Vehicle (MPV),,,,,,,,,,,,
JTEHT05J732044478,2003,TOYOTA,Land Cruiser,VX,Sport Utility Vehicle (SUV)/Multi-Purpose Vehicle (MPV),,,,,,,,,,,,
JTEHT05J932044479,2003,TOYOTA,Land Cruiser,VX,Sport Utility Vehicle (SUV)/Multi-Purpose Vehicle (MPV),,,,,,,,,,,,
JTEHT05J532044480,2003,TOYOTA,Land Cruiser,VX,Sport Utility Vehicle (SUV)/Multi-Purpose Vehicle (MPV),,,,,,,,,,,,
JTEHT05J732044481,2003,TOYOTA,Land Cruiser,VX,Sport Utility Vehicle (SUV)/Multi-Purpose Vehicle (MPV),,,,,,,,,,,,
JTEHT05J932044482,2003,TOYOTA,Land Cruiser,VX,Sport Utility Vehicle (SUV)/Multi-Purpose Vehicle (MPV),,,,,,,,,,,,
JTEHT05J032044483,2003,TOYOTA,Land Cruiser,VX,Sport Utility Vehicle (SUV)/Multi-Purpose Vehicle (MPV),,,,,,,,,,,,
JTEHT05J232044484,2003,TOYOTA,Land Cruiser,VX,Sport Utility Vehicle (SUV)/Multi-Purpose Vehicle (MPV),,,,,,,,,,,,
JTEHT05J432044485,2003,TOYOTA,Land Cruiser,VX,Sport Utility Vehicle (SUV)/Multi-Purpose Vehicle (MPV),,,,,,,,,,,,
JTEHT05J632044486,2003,TOYOTA,Land Cruiser,VX,Sport Utility Vehicle (SUV)/Multi-Purpose Vehicle (MPV),,,,,,,,,,,,
JTEHT05J832044487,2003,TOYOTA,Land Cruiser,VX,Sport Utility Vehicle (SUV)/Multi-Purpose Vehicle (MPV),,,,,,,,,,,,
JTEHT05JX32044488,2003,TOYOTA,Land Cruiser,VX,Sport Utility Vehicle (SUV)/Multi-Purpose Vehicle (MPV),,,,,,,,,,,,
JTEHT05J132044489,2003,TOYOTA,Land Cruiser,VX,Sport Utility Vehicle (SUV)/Multi-Purpose Vehicle (MPV),,,,,,,,,,,,
JTEHT05J832044490,2003,TOYOTA,Land Cruiser,VX,Sport Utility Vehicle (SUV)/Multi-Purpose Vehicle (MPV),,,,,,,,,,,,
JTEHT05JX32044491,2003,TOYOTA,Land Cruiser,VX,Sport Utility Vehicle (SUV)/Multi-Purpose Vehicle (MPV),,,,,,,,,,,,
JTEHT05J132044492,2003,TOYOTA,Land Cruiser,VX,Sport Utility Vehicle (SUV)/Multi-Purpose Vehicle (MPV),,,,,,,,,,,,
JTEHT05J332044493,2003,TOYOTA,Land Cruiser,VX,Sport Utility Vehicle (SUV)/Multi-Purpose Vehicle (MPV),,,,,,,,,,,,
JTEHT05J532044494,2003,TOYOTA,Land Cruiser,VX,Sport Utility Vehicle (SUV)/Multi-Purpose Vehicle (MPV),,,,,,,,,,,,
JTEHT05J732044495,2003,TOYOTA,Land Cruiser,VX,Sport Utility Vehicle (SUV)/Multi-Purpose Vehicle (MPV),,,,,,,,,,,,
JTEHT05J932044496,2003,TOYOTA,Land Cruiser,VX,Sport Utility Vehicle (SUV)/Multi-Purpose Vehicle (MPV),,,,,,,,,,,,
JTEHT05J032044497,2003,TOYOTA,Land Cruiser,VX,Sport Utility Vehicle (SUV)/Multi-Purpose Vehicle (MPV),,,,,,,,,,,,
JTEHT05J232044498,2003,TOYOTA,Land Cruiser,VX,Sport Utility Vehicle (SUV)/Multi-Purpose Vehicle (MPV),,,,,,,,,,,,
JTEHT05J432044499,2003,TOYOTA,Land Cruiser,VX,Sport Utility Vehicle (SUV)/Multi-Purpose Vehicle (MPV),,,,,,,,,,,,
JTEHT05J732044500,2003,TOYOTA,Land Cruiser,VX,Sport Utility Vehicle (SUV)/Multi-Purpose Vehicle (MPV),,,,,,,,,,,,
JTEHT05J932044501,2003,TOYOTA,Land Cruiser,VX,Sport Utility Vehicle (SUV)/Multi-Purpose Vehicle (MPV),,,,,,,,,,,,
JTEHT05J032044502,2003,TOYOTA,Land Cruiser,VX,Sport Utility Vehicle (SUV)/Multi-Purpose Vehicle (MPV),,,,,,,,,,,,
JTEHT05J232044503,2003,TOYOTA,Land Cruiser,VX,Sport Utility Vehicle (SUV)/Multi-Purpose Vehicle (MPV),,,,,,,,,,,,
JTEHT05J432044504,2003,TOYOTA,Land Cruiser,VX,Sport Utility Vehicle (SUV)/Multi-Purpose Vehicle (MPV),,,,,,,,,,,,
JTEHT05J632044505,2003,TOYOTA,Land Cruiser,VX,Sport Utility Vehicle (SUV)/Multi-Purpose Vehicle (MPV),,,,,,,,,,,,
JTEHT05J832044506,2003,TOYOTA,Land Cruiser,VX,Sport Utility Vehicle (SUV)/Multi-Purpose Vehicle (MPV),,,,,,,,,,,,
JTEHT05JX32044507,2003,TOYOTA,Land Cruiser,VX,Sport Utility Vehicle (SUV)/Multi-Purpose Vehicle (MPV),,,,,,,,,,,,
JTEHT05J132044508,2003,TOYOTA,Land Cruiser,VX,Sport Utility Vehicle (SUV)/Multi-Purpose Vehicle (MPV),,,,,,,,,,,,
JTEHT05J332044509,2003,TOYOTA,Land Cruiser,VX,Sport Utility Vehicle (SUV)/Multi-Purpose Vehicle (MPV),,,,,,,,,,,,
JTEHT05JX32044510,2003,TOYOTA,Land Cruiser,VX,Sport Utility Vehicle (SUV)/Multi-Purpose Vehicle (MPV),,,,,,,,,,,,
JTEHT05J132044511,2003,TOYOTA,Land Cruiser,VX,Sport Utility Vehicle (SUV)/Multi-Purpose Vehicle (MPV),,,,,,,,,,,,
JTEHT05J332044512,2003,TOYOTA,Land Cruiser,VX,Sport Utility Vehicle (SUV)/Multi-Purpose Vehicle (MPV),,,,,,,,,,,,
JTEHT05J532044513,2003,TOYOTA,Land Cruiser,VX,Sport Utility Vehicle (SUV)/Multi-Purpose Vehicle (MPV),,,,,,,,,,,,
JTEHT05J732044514,2003,TOYOTA,Land Cruiser,VX,Sport Utility Vehicle (SUV)/Multi-Purpose Vehicle (MPV),,,,,,,,,,,,
JTEHT05J932044515,2003,TOYOTA,Land Cruiser,VX,Sport Utility Vehicle (SUV)/Multi-Purpose Vehicle (MPV),,,,,,,,,,,,
JTEHT05J032044516,2003,TOYOTA,Land Cruiser,VX,Sport Utility Vehicle (SUV)/Multi-Purpose Vehicle (MPV),,,,,,,,,,,,
JTEHT05J232044517,2003,TOYOTA,Land Cruiser,VX,Sport Utility Vehicle (SUV)/Multi-Purpose Vehicle (MPV),,,,,,,,,,,,
JTEHT05J432044518,2003,TOYOTA,Land Cruiser,VX,Sport Utility Vehicle (SUV)/Multi-Purpose Vehicle (MPV),,,,,,,,,,,,
JTEHT05J632044519,2003,TOYOTA,Land Cruiser,VX,Sport Utility Vehicle (SUV)/Multi-Purpose Vehicle (MPV),,,,,,,,,,,,
JTEHT05J232044520,2003,TOYOTA,Land Cruiser,VX,Sport Utility Vehicle (SUV)/Multi-Purpose Vehicle (MPV),,,,,,,,,,,,
JTEHT05J432044521,2003,TOYOTA,Land Cruiser,VX,Sport Utility Vehicle (SUV)/Multi-Purpose Vehicle (MPV),,,,,,,,,,,,
JTEHT05J632044522,2003,TOYOTA,Land Cruiser,VX,Sport Utility Vehicle (SUV)/Multi-Purpose Vehicle (MPV),,,,,,,,,,,,
JTEHT05J832044523,2003,TOYOTA,Land Cruiser,VX,Sport Utility Vehicle (SUV)/Multi-Purpose Vehicle (MPV),,,,,,,,,,,,
JTEHT05JX32044524,2003,TOYOTA,Land Cruiser,VX,Sport Utility Vehicle (SUV)/Multi-Purpose Vehicle (MPV),,,,,,,,,,,,
JTEHT05J132044525,2003,TOYOTA,Land Cruiser,VX,Sport Utility Vehicle (SUV)/Multi-Purpose Vehicle (MPV),,,,,,,,,,,,
JTEHT05J332044526,2003,TOYOTA,Land Cruiser,VX,Sport Utility Vehicle (SUV)/Multi-Purpose Vehicle (MPV),,,,,,,,,,,,
JTEHT05J532044527,2003,TOYOTA,Land Cruiser,VX,Sport Utility Vehicle (SUV)/Multi-Purpose Vehicle (MPV),,,,,,,,,,,,
JTEHT05J732044528,2003,TOYOTA,Land Cruiser,VX,Sport Utility Vehicle (SUV)/Multi-Purpose Vehicle (MPV),,,,,,,,,,,,
JTEHT05J932044529,2003,TOYOTA,Land Cruiser,VX,Sport Utility Vehicle (SUV)/Multi-Purpose Vehicle (MPV),,,,,,,,,,,,
JTEHT05J532044530,2003,TOYOTA,Land Cruiser,VX,Sport Utility Vehicle (SUV)/Multi-Purpose Vehicle (MPV),,,,,,,,,,,,
JTEHT05J732044531,2003,TOYOTA,Land Cruiser,VX,Sport Utility Vehicle (SUV)/Multi-Purpose Vehicle (MPV),,,,,,,,,,,,
JTEHT05J932044532,2003,TOYOTA,Land Cruiser,VX,Sport Utility Vehicle (SUV)/Multi-Purpose Vehicle (MPV),,,,,,,,,,,,
JTEHT05J032044533,2003,TOYOTA,Land Cruiser,VX,Sport Utility Vehicle (SUV)/Multi-Purpose Vehicle (MPV),,,,,,,,,,,,
JTEHT05J232044534,2003,TOYOTA,Land Cruiser,VX,Sport Utility Vehicle (SUV)/Multi-Purpose Vehicle (MPV),,,,,,,,,,,,
JTEHT05J432044535,2003,TOYOTA,Land Cruiser,VX,Sport Utility Vehicle (SUV)/Multi-Purpose Vehicle (MPV),,,,,,,,,,,,
JTEHT05J632044536,2003,TOYOTA,Land Cruiser,VX,Sport Utility Vehicle (SUV)/Multi-Purpose Vehicle (MPV),,,,,,,,,,,,
JTEHT05J832044537,2003,TOYOTA,Land Cruiser,VX,Sport Utility Vehicle (SUV)/Multi-Purpose Vehicle (MPV),,,,,,,,,,,,
JTEHT05JX32044538,2003,TOYOTA,Land Cruiser,VX,Sport Utility Vehicle (SUV)/Multi-Purpose Vehicle (MPV),,,,,,,,,,,,
JTEHT05J132044539,2003,TOYOTA,Land Cruiser,VX,Sport Utility Vehicle (SUV)/Multi-Purpose Vehicle (MPV),,,,,,,,,,,,
JTEHT05J832044540,2003,TOYOTA,Land Cruiser,VX,Sport Utility Vehicle (SUV)/Multi-Purpose Vehicle (MPV),,,,,,,,,,,,
JTEHT05JX32044541,2003,TOYOTA,Land Cruiser,VX,Sport Utility Vehicle (SUV)/Multi-Purpose Vehicle (MPV),,,,,,,,,,,,
JTEHT05J132044542,2003,TOYOTA,Land Cruiser,VX,Sport Utility Vehicle (SUV)/Multi-Purpose Vehicle (MPV),,,,,,,,,,,,
JTEHT05J332044543,2003,TOYOTA,Land Cruiser,VX,Sport Utility Vehicle (SUV)/Multi-Purpose Vehicle (MPV),,,,,,,,,,,,
JTEHT05J532044544,2003,TOYOTA,Land Cruiser,VX,Sport Utility Vehicle (SUV)/Multi-Purpose Vehicle (MPV),,,,,,,,,,,,
JTEHT05J732044545,2003,TOYOTA,Land Cruiser,VX,Sport Utility Vehicle (SUV)/Multi-Purpose Vehicle (MPV),,,,,,,,,,,,
JTEHT05J932044546,2003,TOYOTA,Land Cruiser,VX,Sport Utility Vehicle (SUV)/Multi-Purpose Vehicle (MPV),,,,,,,,,,,,
JTEHT05J032044547,2003,TOYOTA,Land Cruiser,VX,Sport Utility Vehicle (SUV)/Multi-Purpose Vehicle (MPV),,,,,,,,,,,,
JTEHT05J232044548,2003,TOYOTA,Land Cruiser,VX,Sport Utility Vehicle (SUV)/Multi-Purpose Vehicle (MPV),,,,,,,,,,,,
JTEHT05J432044549,2003,TOYOTA,Land Cruiser,VX,Sport Utility Vehicle (SUV)/Multi-Purpose Vehicle (MPV),,,,,,,,,,,,
JTEHT05J032044550,2003,TOYOTA,Land Cruiser,VX,Sport Utility Vehicle (SUV)/Multi-Purpose Vehicle (MPV),,,,,,,,,,,,
JTEHT05J232044551,2003,TOYOTA,Land Cruiser,VX,Sport Utility Vehicle (SUV)/Multi-Purpose Vehicle (MPV),,,,,,,,,,,,
JTEHT05J432044552,2003,TOYOTA,Land Cruiser,VX,Sport Utility Vehicle (SUV)/Multi-Purpose Vehicle (MPV),,,,,,,,,,,,
JTEHT05J632044553,2003,TOYOTA,Land Cruiser,VX,Sport Utility Vehicle (SUV)/Multi-Purpose Vehicle (MPV),,,,,,,,,,,,
JTEHT05J832044554,2003,TOYOTA,Land Cruiser,VX,Sport Utility Vehicle (SUV)/Multi-Purpose Vehicle (MPV),,,,,,,,,,,,
JTEHT05JX32044555,2003,TOYOTA,Land Cruiser,VX,Sport Utility Vehicle (SUV)/Multi-Purpose Vehicle (MPV),,,,,,,,,,,,
JTEHT05J132044556,2003,TOYOTA,Land Cruiser,VX,Sport Utility Vehicle (SUV)/Multi-Purpose Vehicle (MPV),,,,,,,,,,,,
JTEHT05J332044557,2003,TOYOTA,Land Cruiser,VX,Sport Utility Vehicle (SUV)/Multi-Purpose Vehicle (MPV),,,,,,,,,,,,
JTEHT05J532044558,2003,TOYOTA,Land Cruiser,VX,Sport Utility Vehicle (SUV)/Multi-Purpose Vehicle (MPV),,,,,,,,,,,,
JTEHT05J732044559,2003,TOYOTA,Land Cruiser,VX,Sport Utility Vehicle (SUV)/Multi-Purpose Vehicle (MPV),,,,,,,,,,,,
JTEHT05J332044560,2003,TOYOTA,Land Cruiser,VX,Sport Utility Vehicle (SUV)/Multi-Purpose Vehicle (MPV),,,,,,,,,,,,
JTEHT05J532044561,2003,TOYOTA,Land Cruiser,VX,Sport Utility Vehicle (SUV)/Multi-Purpose Vehicle (MPV),,,,,,,,,,,,
JTEHT05J732044562,2003,TOYOTA,Land Cruiser,VX,Sport Utility Vehicle (SUV)/Multi-Purpose Vehicle (MPV),,,,,,,,,,,,
JTEHT05J932044563,2003,TOYOTA,Land Cruiser,VX,Sport Utility Vehicle (SUV)/Multi-Purpose Vehicle (MPV),,,,,,,,,,,,
JTEHT05J032044564,2003,TOYOTA,Land Cruiser,VX,Sport Utility Vehicle (SUV)/Multi-Purpose Vehicle (MPV),,,,,,,,,,,,
JTEHT05J232044565,2003,TOYOTA,Land Cruiser,VX,Sport Utility Vehicle (SUV)/Multi-Purpose Vehicle (MPV),,,,,,,,,,,,
JTEHT05J432044566,2003,TOYOTA,Land Cruiser,VX,Sport Utility Vehicle (SUV)/Multi-Purpose Vehicle (MPV),,,,,,,,,,,,
JTEHT05J632044567,2003,TOYOTA,Land Cruiser,VX,Sport Utility Vehicle (SUV)/Multi-Purpose Vehicle (MPV),,,,,,,,,,,,
JTEHT05J832044568,2003,TOYOTA,Land Cruiser,VX,Sport Utility Vehicle (SUV)/Multi-Purpose Vehicle (MPV),,,,,,,,,,,,
JTEHT05JX32044569,2003,TOYOTA,Land Cruiser,VX,Sport Utility Vehicle (SUV)/Multi-Purpose Vehicle (MPV),,,,,,,,,,,,
JTEHT05J632044570,2003,TOYOTA,Land Cruiser,VX,Sport Utility Vehicle (SUV)/Multi-Purpose Vehicle (MPV),,,,,,,,,,,,
JTEHT05J832044571,2003,TOYOTA,Land Cruiser,VX,Sport Utility Vehicle (SUV)/Multi-Purpose Vehicle (MPV),,,,,,,,,,,,
JTEHT05JX32044572,2003,TOYOTA,Land Cruiser,VX,Sport Utility Vehicle (SUV)/Multi-Purpose Vehicle (MPV),,,,,,,,,,,,
JTEHT05J132044573,2003,TOYOTA,Land Cruiser,VX,Sport Utility Vehicle (SUV)/Multi-Purpose Vehicle (MPV),,,,,,,,,,,,
JTEHT05J332044574,2003,TOYOTA,Land Cruiser,VX,Sport Utility Vehicle (SUV)/Multi-Purpose Vehicle (MPV),,,,,,,,,,,,
JTEHT05J532044575,2003,TOYOTA,Land Cruiser,VX,Sport Utility Vehicle (SUV)/Multi-Purpose Vehicle (MPV),,,,,,,,,,,,
JTEHT05J732044576,2003,TOYOTA,Land Cruiser,VX,Sport Utility Vehicle (SUV)/Multi-Purpose Vehicle (MPV),,,,,,,,,,,,
JTEHT05J932044577,2003,TOYOTA,Land Cruiser,VX,Sport Utility Vehicle (SUV)/Multi-Purpose Vehicle (MPV),,,,,,,,,,,,
JTEHT05J032044578,2003,TOYOTA,Land Cruiser,VX,Sport Utility Vehicle (SUV)/Multi-Purpose Vehicle (MPV),,,,,,,,,,,,
JTEHT05J232044579,2003,TOYOTA,Land Cruiser,VX,Sport Utility Vehicle (SUV)/Multi-Purpose Vehicle (MPV),,,,,,,,,,,,
JTEHT05J932044580,2003,TOYOTA,Land Cruiser,VX,Sport Utility Vehicle (SUV)/Multi-Purpose Vehicle (MPV),,,,,,,,,,,,
JTEHT05J032044581,2003,TOYOTA,Land Cruiser,VX,Sport Utility Vehicle (SUV)/Multi-Purpose Vehicle (MPV),,,,,,,,,,,,
JTEHT05J232044582,2003,TOYOTA,Land Cruiser,VX,Sport Utility Vehicle (SUV)/Multi-Purpose Vehicle (MPV),,,,,,,,,,,,
JTEHT05J432044583,2003,TOYOTA,Land Cruiser,VX,Sport Utility Vehicle (SUV)/Multi-Purpose Vehicle (MPV),,,,,,,,,,,,
JTEHT05J632044584,2003,TOYOTA,Land Cruiser,VX,Sport Utility Vehicle (SUV)/Multi-Purpose Vehicle (MPV),,,,,,,,,,,,
JTEHT05J832044585,2003,TOYOTA,Land Cruiser,VX,Sport Utility Vehicle (SUV)/Multi-Purpose Vehicle (MPV),,,,,,,,,,,,
JTEHT05JX32044586,2003,TOYOTA,Land Cruiser,VX,Sport Utility Vehicle (SUV)/Multi-Purpose Vehicle (MPV),,,,,,,,,,,,
JTEHT05J132044587,2003,TOYOTA,Land Cruiser,VX,Sport Utility Vehicle (SUV)/Multi-Purpose Vehicle (MPV),,,,,,,,,,,,
JTEHT05J332044588,2003,TOYOTA,Land Cruiser,VX,Sport Utility Vehicle (SUV)/Multi-Purpose Vehicle (MPV),,,,,,,,,,,,
JTEHT05J532044589,2003,TOYOTA,Land Cruiser,VX,Sport Utility Vehicle (SUV)/Multi-Purpose Vehicle (MPV),,,,,,,,,,,,
JTEHT05J132044590,2003,TOYOTA,Land Cruiser,VX,Sport Utility Vehicle (SUV)/Multi-Purpose Vehicle (MPV),,,,,,,,,,,,
JTEHT05J332044591,2003,TOYOTA,Land Cruiser,VX,Sport Utility Vehicle (SUV)/Multi-Purpose Vehicle (MPV),,,,,,,,,,,,
JTEHT05J532044592,2003,TOYOTA,Land Cruiser,VX,Sport Utility Vehicle (SUV)/Multi-Purpose Vehicle (MPV),,,,,,,,,,,,
JTEHT05J732044593,2003,TOYOTA,Land Cruiser,VX,Sport Utility Vehicle (SUV)/Multi-Purpose Vehicle (MPV),,,,,,,,,,,,
JTEHT05J932044594,2003,TOYOTA,Land Cruiser,VX,Sport Utility Vehicle (SUV)/Multi-Purpose Vehicle (MPV),,,,,,,,,,,,
JTEHT05J032044595,2003,TOYOTA,Land Cruiser,VX,Sport Utility Vehicle (SUV)/Multi-Purpose Vehicle (MPV),,,,,,,,,,,,
JTEHT05J232044596,2003,TOYOTA,Land Cruiser,VX,Sport Utility Vehicle (SUV)/Multi-Purpose Vehicle (MPV),,,,,,,,,,,,
JTEHT05J432044597,2003,TOYOTA,Land Cruiser,VX,Sport Utility Vehicle (SUV)/Multi-Purpose Vehicle (MPV),,,,,,,,,,,,
JTEHT05J632044598,2003,TOYOTA,Land Cruiser,VX,Sport Utility Vehicle (SUV)/Multi-Purpose Vehicle (MPV),,,,,,,,,,,,
JTEHT05J832044599,2003,TOYOTA,Land Cruiser,VX,Sport Utility Vehicle (SUV)/Multi-Purpose Vehicle (MPV),,,,,,,,,,,,
JTEHT05J032044600,2003,TOYOTA,Land Cruiser,VX,Sport Utility Vehicle (SUV)/Multi-Purpose Vehicle (MPV),,,,,,,,,,,,
JTEHT05J232044601,2003,TOYOTA,Land Cruiser,VX,Sport Utility Vehicle (SUV)/Multi-Purpose Vehicle (MPV),,,,,,,,,,,,
JTEHT05J432044602,2003,TOYOTA,Land Cruiser,VX,Sport Utility Vehicle (SUV)/Multi-Purpose Vehicle (MPV),,,,,,,,,,,,
JTEHT05J632044603,2003,TOYOTA,Land Cruiser,VX,Sport Utility Vehicle (SUV)/Multi-Purpose Vehicle (MPV),,,,,,,,,,,,
JTEHT05J832044604,2003,TOYOTA,Land Cruiser,VX,Sport Utility Vehicle (SUV)/Multi-Purpose Vehicle (MPV),,,,,,,,,,,,
JTEHT05JX32044605,2003,TOYOTA,Land Cruiser,VX,Sport Utility Vehicle (SUV)/Multi-Purpose Vehicle (MPV),,,,,,,,,,,,
JTEHT05J132044606,2003,TOYOTA,Land Cruiser,VX,Sport Utility Vehicle (SUV)/Multi-Purpose Vehicle (MPV),,,,,,,,,,,,
JTEHT05J332044607,2003,TOYOTA,Land Cruiser,VX,Sport Utility Vehicle (SUV)/Multi-Purpose Vehicle (MPV),,,,,,,,,,,,
JTEHT05J532044608,2003,TOYOTA,Land Cruiser,VX,Sport Utility Vehicle (SUV)/Multi-Purpose Vehicle (MPV),,,,,,,,,,,,
JTEHT05J732044609,2003,TOYOTA,Land Cruiser,VX,Sport Utility Vehicle (SUV)/Multi-Purpose Vehicle (MPV),,,,,,,,,,,,
JTEHT05J332044610,2003,TOYOTA,Land Cruiser,VX,Sport Utility Vehicle (SUV)/Multi-Purpose Vehicle (MPV),,,,,,,,,,,,
JTEHT05J532044611,2003,TOYOTA,Land Cruiser,VX,Sport Utility Vehicle (SUV)/Multi-Purpose Vehicle (MPV),,,,,,,,,,,,
JTEHT05J732044612,2003,TOYOTA,Land Cruiser,VX,Sport Utility Vehicle (SUV)/Multi-Purpose Vehicle (MPV),,,,,,,,,,,,
JTEHT05J932044613,2003,TOYOTA,Land Cruiser,VX,Sport Utility Vehicle (SUV)/Multi-Purpose Vehicle (MPV),,,,,,,,,,,,
JTEHT05J032044614,2003,TOYOTA,Land Cruiser,VX,Sport Utility Vehicle (SUV)/Multi-Purpose Vehicle (MPV),,,,,,,,,,,,
JTEHT05J232044615,2003,TOYOTA,Land Cruiser,VX,Sport Utility Vehicle (SUV)/Multi-Purpose Vehicle (MPV),,,,,,,,,,,,
JTEHT05J432044616,2003,TOYOTA,Land Cruiser,VX,Sport Utility Vehicle (SUV)/Multi-Purpose Vehicle (MPV),,,,,,,,,,,,
JTEHT05J632044617,2003,TOYOTA,Land Cruiser,VX,Sport Utility Vehicle (SUV)/Multi-Purpose Vehicle (MPV),,,,,,,,,,,,
JTEHT05J832044618,2003,TOYOTA,Land Cruiser,VX,Sport Utility Vehicle (SUV)/Multi-Purpose Vehicle (MPV),,,,,,,,,,,,
JTEHT05JX32044619,2003,TOYOTA,Land Cruiser,VX,Sport Utility Vehicle (SUV)/Multi-Purpose Vehicle (MPV),,,,,,,,,,,,
JTEHT05J632044620,2003,TOYOTA,Land Cruiser,VX,Sport Utility Vehicle (SUV)/Multi-Purpose Vehicle (MPV),,,,,,,,,,,,
JTEHT05J832044621,2003,TOYOTA,Land Cruiser,VX,Sport Utility Vehicle (SUV)/Multi-Purpose Vehicle (MPV),,,,,,,,,,,,
JTEHT05JX32044622,2003,TOYOTA,Land Cruiser,VX,Sport Utility Vehicle (SUV)/Multi-Purpose Vehicle (MPV),,,,,,,,,,,,
JTEHT05J132044623,2003,TOYOTA,Land Cruiser,VX,Sport Utility Vehicle (SUV)/Multi-Purpose Vehicle (MPV),,,,,,,,,,,,
JTEHT05J332044624,2003,TOYOTA,Land Cruiser,VX,Sport Utility Vehicle (SUV)/Multi-Purpose Vehicle (MPV),,,,,,,,,,,,
JTEHT05J532044625,2003,TOYOTA,Land Cruiser,VX,Sport Utility Vehicle (SUV)/Multi-Purpose Vehicle (MPV),,,,,,,,,,,,
JTEHT05J732044626,2003,TOYOTA,Land Cruiser,VX,Sport Utility Vehicle (SUV)/Multi-Purpose Vehicle (MPV),,,,,,,,,,,,
JTEHT05J932044627,2003,TOYOTA,Land Cruiser,VX,Sport Utility Vehicle (SUV)/Multi-Purpose Vehicle (MPV),,,,,,,,,,,,
JTEHT05J032044628,2003,TOYOTA,Land Cruiser,VX,Sport Utility Vehicle (SUV)/Multi-Purpose Vehicle (MPV),,,,,,,,,,,,
JTEHT05J232044629,2003,TOYOTA,Land Cruiser,VX,Sport Utility Vehicle (SUV)/Multi-Purpose Vehicle (MPV),,,,,,,,,,,,
JTEHT05J932044630,2003,TOYOTA,Land Cruiser,VX,Sport Utility Vehicle (SUV)/Multi-Purpose Vehicle (MPV),,,,,,,,,,,,
JTEHT05J032044631,2003,TOYOTA,Land Cruiser,VX,Sport Utility Vehicle (SUV)/Multi-Purpose Vehicle (MPV),,,,,,,,,,,,
JTEHT05J232044632,2003,TOYOTA,Land Cruiser,VX,Sport Utility Vehicle (SUV)/Multi-Purpose Vehicle (MPV),,,,,,,,,,,,
JTEHT05J432044633,2003,TOYOTA,Land Cruiser,VX,Sport Utility Vehicle (SUV)/Multi-Purpose Vehicle (MPV),,,,,,,,,,,,
JTEHT05J632044634,2003,TOYOTA,Land Cruiser,VX,Sport Utility Vehicle (SUV)/Multi-Purpose Vehicle (MPV),,,,,,,,,,,,
JTEHT05J832044635,2003,TOYOTA,Land Cruiser,VX,Sport Utility Vehicle (SUV)/Multi-Purpose Vehicle (MPV),,,,,,,,,,,,
JTEHT05JX32044636,2003,TOYOTA,Land Cruiser,VX,Sport Utility Vehicle (SUV)/Multi-Purpose Vehicle (MPV),,,,,,,,,,,,
JTEHT05J132044637,2003,TOYOTA,Land Cruiser,VX,Sport Utility Vehicle (SUV)/Multi-Purpose Vehicle (MPV),,,,,,,,,,,,
JTEHT05J332044638,2003,TOYOTA,Land Cruiser,VX,Sport Utility Vehicle (SUV)/Multi-Purpose Vehicle (MPV),,,,,,,,,,,,
JTEHT05J532044639,2003,TOYOTA,Land Cruiser,VX,Sport Utility Vehicle (SUV)/Multi-Purpose Vehicle (MPV),,,,,,,,,,,,
JTEHT05J132044640,2003,TOYOTA,Land Cruiser,VX,Sport Utility Vehicle (SUV)/Multi-Purpose Vehicle (MPV),,,,,,,,,,,,
JTEHT05J332044641,2003,TOYOTA,Land Cruiser,VX,Sport Utility Vehicle (SUV)/Multi-Purpose Vehicle (MPV),,,,,,,,,,,,
JTEHT05J532044642,2003,TOYOTA,Land Cruiser,VX,Sport Utility Vehicle (SUV)/Multi-Purpose Vehicle (MPV),,,,,,,,,,,,
JTEHT05J732044643,2003,TOYOTA,Land Cruiser,VX,Sport Utility Vehicle (SUV)/Multi-Purpose Vehicle (MPV),,,,,,,,,,,,
JTEHT05J932044644,2003,TOYOTA,Land Cruiser,VX,Sport Utility Vehicle (SUV)/Multi-Purpose Vehicle (MPV),,,,,,,,,,,,
JTEHT05J032044645,2003,TOYOTA,Land Cruiser,VX,Sport Utility Vehicle (SUV)/Multi-Purpose Vehicle (MPV),,,,,,,,,,,,
JTEHT05J232044646,2003,TOYOTA,Land Cruiser,VX,Sport Utility Vehicle (SUV)/Multi-Purpose Vehicle (MPV),,,,,,,,,,,,
JTEHT05J432044647,2003,TOYOTA,Land Cruiser,VX,Sport Utility Vehicle (SUV)/Multi-Purpose Vehicle (MPV),,,,,,,,,,,,
JTEHT05J632044648,2003,TOYOTA,Land Cruiser,VX,Sport Utility Vehicle (SUV)/Multi-Purpose Vehicle (MPV),,,,,,,,,,,,
JTEHT05J832044649,2003,TOYOTA,Land Cruiser,VX,Sport Utility Vehicle (SUV)/Multi-Purpose Vehicle (MPV),,,,,,,,,,,,
JTEHT05J432044650,2003,TOYOTA,Land Cruiser,VX,Sport Utility Vehicle (SUV)/Multi-Purpose Vehicle (MPV),,,,,,,,,,,,
JTEHT05J632044651,2003,TOYOTA,Land Cruiser,VX,Sport Utility Vehicle (SUV)/Multi-Purpose Vehicle (MPV),,,,,,,,,,,,
JTEHT05J832044652,2003,TOYOTA,Land Cruiser,VX,Sport Utility Vehicle (SUV)/Multi-Purpose Vehicle (MPV),,,,,,,,,,,,
JTEHT05JX32044653,2003,TOYOTA,Land Cruiser,VX,Sport Utility Vehicle (SUV)/Multi-Purpose Vehicle (MPV),,,,,,,,,,,,
JTEHT05J132044654,2003,TOYOTA,Land Cruiser,VX,Sport Utility Vehicle (SUV)/Multi-Purpose Vehicle (MPV),,,,,,,,,,,,
JTEHT05J332044655,2003,TOYOTA,Land Cruiser,VX,Sport Utility Vehicle (SUV)/Multi-Purpose Vehicle (MPV),,,,,,,,,,,,
JTEHT05J532044656,2003,TOYOTA,Land Cruiser,VX,Sport Utility Vehicle (SUV)/Multi-Purpose Vehicle (MPV),,,,,,,,,,,,
JTEHT05J732044657,2003,TOYOTA,Land Cruiser,VX,Sport Utility Vehicle (SUV)/Multi-Purpose Vehicle (MPV),,,,,,,,,,,,
JTEHT05J932044658,2003,TOYOTA,Land Cruiser,VX,Sport Utility Vehicle (SUV)/Multi-Purpose Vehicle (MPV),,,,,,,,,,,,
JTEHT05J032044659,2003,TOYOTA,Land Cruiser,VX,Sport Utility Vehicle (SUV)/Multi-Purpose Vehicle (MPV),,,,,,,,,,,,
JTEHT05J732044660,2003,TOYOTA,Land Cruiser,VX,Sport Utility Vehicle (SUV)/Multi-Purpose Vehicle (MPV),,,,,,,,,,,,
