oi,ModelYear,Make,Model,Trim,BodyClass,NumberOfOwners,MostRecentOwner,MostRecentPurchaseDate,LastReportedCity,LastReportedState,LastReportedMiles,AccidentHistory,TitleStatus,ServiceRecordCount,LastServiceDate,LastServiceLocationOnCarFax,LastServiceCityOnCarFax
JTEHT05J922033089,2002,TOYOTA,Land Cruiser,VX,Sport Utility Vehicle (SUV)/Multi-Purpose Vehicle (MPV),,,,,,,,,,,,
JTEHT05J522033090,2002,TOYOTA,Land Cruiser,VX,Sport Utility Vehicle (SUV)/Multi-Purpose Vehicle (MPV),,,,,,,,,,,,
JTEHT05J722033091,2002,TOYOTA,Land Cruiser,VX,Sport Utility Vehicle (SUV)/Multi-Purpose Vehicle (MPV),,,,,,,,,,,,
JTEHT05J922033092,2002,TOYOTA,Land Cruiser,VX,Sport Utility Vehicle (SUV)/Multi-Purpose Vehicle (MPV),,,,,,,,,,,,
JTEHT05J022033093,2002,TOYOTA,Land Cruiser,VX,Sport Utility Vehicle (SUV)/Multi-Purpose Vehicle (MPV),,,,,,,,,,,,
JTEHT05J222033094,2002,TOYOTA,Land Cruiser,VX,Sport Utility Vehicle (SUV)/Multi-Purpose Vehicle (MPV),,,,,,,,,,,,
JTEHT05J422033095,2002,TOYOTA,Land Cruiser,VX,Sport Utility Vehicle (SUV)/Multi-Purpose Vehicle (MPV),,,,,,,,,,,,
JTEHT05J622033096,2002,TOYOTA,Land Cruiser,VX,Sport Utility Vehicle (SUV)/Multi-Purpose Vehicle (MPV),,,,,,,,,,,,
JTEHT05J822033097,2002,TOYOTA,Land Cruiser,VX,Sport Utility Vehicle (SUV)/Multi-Purpose Vehicle (MPV),,,,,,,,,,,,
JTEHT05JX22033098,2002,TOYOTA,Land Cruiser,VX,Sport Utility Vehicle (SUV)/Multi-Purpose Vehicle (MPV),,,,,,,,,,,,
JTEHT05J122033099,2002,TOYOTA,Land Cruiser,VX,Sport Utility Vehicle (SUV)/Multi-Purpose Vehicle (MPV),,,,,,,,,,,,
JTEHT05J422033100,2002,TOYOTA,Land Cruiser,VX,Sport Utility Vehicle (SUV)/Multi-Purpose Vehicle (MPV),,,,,,,,,,,,
JTEHT05J622033101,2002,TOYOTA,Land Cruiser,VX,Sport Utility Vehicle (SUV)/Multi-Purpose Vehicle (MPV),,,,,,,,,,,,
JTEHT05J822033102,2002,TOYOTA,Land Cruiser,VX,Sport Utility Vehicle (SUV)/Multi-Purpose Vehicle (MPV),,,,,,,,,,,,
JTEHT05JX22033103,2002,TOYOTA,Land Cruiser,VX,Sport Utility Vehicle (SUV)/Multi-Purpose Vehicle (MPV),,,,,,,,,,,,
JTEHT05J122033104,2002,TOYOTA,Land Cruiser,VX,Sport Utility Vehicle (SUV)/Multi-Purpose Vehicle (MPV),,,,,,,,,,,,
JTEHT05J322033105,2002,TOYOTA,Land Cruiser,VX,Sport Utility Vehicle (SUV)/Multi-Purpose Vehicle (MPV),,,,,,,,,,,,
JTEHT05J522033106,2002,TOYOTA,Land Cruiser,VX,Sport Utility Vehicle (SUV)/Multi-Purpose Vehicle (MPV),,,,,,,,,,,,
JTEHT05J722033107,2002,TOYOTA,Land Cruiser,VX,Sport Utility Vehicle (SUV)/Multi-Purpose Vehicle (MPV),,,,,,,,,,,,
JTEHT05J922033108,2002,TOYOTA,Land Cruiser,VX,Sport Utility Vehicle (SUV)/Multi-Purpose Vehicle (MPV),,,,,,,,,,,,
JTEHT05J022033109,2002,TOYOTA,Land Cruiser,VX,Sport Utility Vehicle (SUV)/Multi-Purpose Vehicle (MPV),,,,,,,,,,,,
JTEHT05J722033110,2002,TOYOTA,Land Cruiser,VX,Sport Utility Vehicle (SUV)/Multi-Purpose Vehicle (MPV),,,,,,,,,,,,
JTEHT05J922033111,2002,TOYOTA,Land Cruiser,VX,Sport Utility Vehicle (SUV)/Multi-Purpose Vehicle (MPV),,,,,,,,,,,,
JTEHT05J022033112,2002,TOYOTA,Land Cruiser,VX,Sport Utility Vehicle (SUV)/Multi-Purpose Vehicle (MPV),,,,,,,,,,,,
JTEHT05J222033113,2002,TOYOTA,Land Cruiser,VX,Sport Utility Vehicle (SUV)/Multi-Purpose Vehicle (MPV),,,,,,,,,,,,
JTEHT05J422033114,2002,TOYOTA,Land Cruiser,VX,Sport Utility Vehicle (SUV)/Multi-Purpose Vehicle (MPV),,,,,,,,,,,,
JTEHT05J622033115,2002,TOYOTA,Land Cruiser,VX,Sport Utility Vehicle (SUV)/Multi-Purpose Vehicle (MPV),,,,,,,,,,,,
JTEHT05J822033116,2002,TOYOTA,Land Cruiser,VX,Sport Utility Vehicle (SUV)/Multi-Purpose Vehicle (MPV),,,,,,,,,,,,
JTEHT05JX22033117,2002,TOYOTA,Land Cruiser,VX,Sport Utility Vehicle (SUV)/Multi-Purpose Vehicle (MPV),,,,,,,,,,,,
JTEHT05J122033118,2002,TOYOTA,Land Cruiser,VX,Sport Utility Vehicle (SUV)/Multi-Purpose Vehicle (MPV),,,,,,,,,,,,
JTEHT05J322033119,2002,TOYOTA,Land Cruiser,VX,Sport Utility Vehicle (SUV)/Multi-Purpose Vehicle (MPV),,,,,,,,,,,,
JTEHT05JX22033120,2002,TOYOTA,Land Cruiser,VX,Sport Utility Vehicle (SUV)/Multi-Purpose Vehicle (MPV),,,,,,,,,,,,
JTEHT05J122033121,2002,TOYOTA,Land Cruiser,VX,Sport Utility Vehicle (SUV)/Multi-Purpose Vehicle (MPV),,,,,,,,,,,,
JTEHT05J322033122,2002,TOYOTA,Land Cruiser,VX,Sport Utility Vehicle (SUV)/Multi-Purpose Vehicle (MPV),,,,,,,,,,,,
JTEHT05J522033123,2002,TOYOTA,Land Cruiser,VX,Sport Utility Vehicle (SUV)/Multi-Purpose Vehicle (MPV),,,,,,,,,,,,
JTEHT05J722033124,2002,TOYOTA,Land Cruiser,VX,Sport Utility Vehicle (SUV)/Multi-Purpose Vehicle (MPV),,,,,,,,,,,,
JTEHT05J922033125,2002,TOYOTA,Land Cruiser,VX,Sport Utility Vehicle (SUV)/Multi-Purpose Vehicle (MPV),,,,,,,,,,,,
JTEHT05J022033126,2002,TOYOTA,Land Cruiser,VX,Sport Utility Vehicle (SUV)/Multi-Purpose Vehicle (MPV),,,,,,,,,,,,
JTEHT05J222033127,2002,TOYOTA,Land Cruiser,VX,Sport Utility Vehicle (SUV)/Multi-Purpose Vehicle (MPV),,,,,,,,,,,,
JTEHT05J422033128,2002,TOYOTA,Land Cruiser,VX,Sport Utility Vehicle (SUV)/Multi-Purpose Vehicle (MPV),,,,,,,,,,,,
JTEHT05J622033129,2002,TOYOTA,Land Cruiser,VX,Sport Utility Vehicle (SUV)/Multi-Purpose Vehicle (MPV),,,,,,,,,,,,
JTEHT05J222033130,2002,TOYOTA,Land Cruiser,VX,Sport Utility Vehicle (SUV)/Multi-Purpose Vehicle (MPV),,,,,,,,,,,,
JTEHT05J422033131,2002,TOYOTA,Land Cruiser,VX,Sport Utility Vehicle (SUV)/Multi-Purpose Vehicle (MPV),,,,,,,,,,,,
JTEHT05J622033132,2002,TOYOTA,Land Cruiser,VX,Sport Utility Vehicle (SUV)/Multi-Purpose Vehicle (MPV),,,,,,,,,,,,
JTEHT05J822033133,2002,TOYOTA,Land Cruiser,VX,Sport Utility Vehicle (SUV)/Multi-Purpose Vehicle (MPV),,,,,,,,,,,,
JTEHT05JX22033134,2002,TOYOTA,Land Cruiser,VX,Sport Utility Vehicle (SUV)/Multi-Purpose Vehicle (MPV),,,,,,,,,,,,
JTEHT05J122033135,2002,TOYOTA,Land Cruiser,VX,Sport Utility Vehicle (SUV)/Multi-Purpose Vehicle (MPV),,,,,,,,,,,,
JTEHT05J322033136,2002,TOYOTA,Land Cruiser,VX,Sport Utility Vehicle (SUV)/Multi-Purpose Vehicle (MPV),,,,,,,,,,,,
JTEHT05J522033137,2002,TOYOTA,Land Cruiser,VX,Sport Utility Vehicle (SUV)/Multi-Purpose Vehicle (MPV),,,,,,,,,,,,
JTEHT05J722033138,2002,TOYOTA,Land Cruiser,VX,Sport Utility Vehicle (SUV)/Multi-Purpose Vehicle (MPV),,,,,,,,,,,,
JTEHT05J922033139,2002,TOYOTA,Land Cruiser,VX,Sport Utility Vehicle (SUV)/Multi-Purpose Vehicle (MPV),,,,,,,,,,,,
JTEHT05J522033140,2002,TOYOTA,Land Cruiser,VX,Sport Utility Vehicle (SUV)/Multi-Purpose Vehicle (MPV),,,,,,,,,,,,
JTEHT05J722033141,2002,TOYOTA,Land Cruiser,VX,Sport Utility Vehicle (SUV)/Multi-Purpose Vehicle (MPV),,,,,,,,,,,,
JTEHT05J922033142,2002,TOYOTA,Land Cruiser,VX,Sport Utility Vehicle (SUV)/Multi-Purpose Vehicle (MPV),,,,,,,,,,,,
JTEHT05J022033143,2002,TOYOTA,Land Cruiser,VX,Sport Utility Vehicle (SUV)/Multi-Purpose Vehicle (MPV),,,,,,,,,,,,
JTEHT05J222033144,2002,TOYOTA,Land Cruiser,VX,Sport Utility Vehicle (SUV)/Multi-Purpose Vehicle (MPV),,,,,,,,,,,,
JTEHT05J422033145,2002,TOYOTA,Land Cruiser,VX,Sport Utility Vehicle (SUV)/Multi-Purpose Vehicle (MPV),,,,,,,,,,,,
JTEHT05J622033146,2002,TOYOTA,Land Cruiser,VX,Sport Utility Vehicle (SUV)/Multi-Purpose Vehicle (MPV),,,,,,,,,,,,
JTEHT05J822033147,2002,TOYOTA,Land Cruiser,VX,Sport Utility Vehicle (SUV)/Multi-Purpose Vehicle (MPV),,,,,,,,,,,,
JTEHT05JX22033148,2002,TOYOTA,Land Cruiser,VX,Sport Utility Vehicle (SUV)/Multi-Purpose Vehicle (MPV),,,,,,,,,,,,
JTEHT05J122033149,2002,TOYOTA,Land Cruiser,VX,Sport Utility Vehicle (SUV)/Multi-Purpose Vehicle (MPV),,,,,,,,,,,,
JTEHT05J822033150,2002,TOYOTA,Land Cruiser,VX,Sport Utility Vehicle (SUV)/Multi-Purpose Vehicle (MPV),,,,,,,,,,,,
JTEHT05JX22033151,2002,TOYOTA,Land Cruiser,VX,Sport Utility Vehicle (SUV)/Multi-Purpose Vehicle (MPV),,,,,,,,,,,,
JTEHT05J122033152,2002,TOYOTA,Land Cruiser,VX,Sport Utility Vehicle (SUV)/Multi-Purpose Vehicle (MPV),,,,,,,,,,,,
JTEHT05J322033153,2002,TOYOTA,Land Cruiser,VX,Sport Utility Vehicle (SUV)/Multi-Purpose Vehicle (MPV),,,,,,,,,,,,
JTEHT05J522033154,2002,TOYOTA,Land Cruiser,VX,Sport Utility Vehicle (SUV)/Multi-Purpose Vehicle (MPV),,,,,,,,,,,,
JTEHT05J722033155,2002,TOYOTA,Land Cruiser,VX,Sport Utility Vehicle (SUV)/Multi-Purpose Vehicle (MPV),,,,,,,,,,,,
JTEHT05J922033156,2002,TOYOTA,Land Cruiser,VX,Sport Utility Vehicle (SUV)/Multi-Purpose Vehicle (MPV),,,,,,,,,,,,
JTEHT05J022033157,2002,TOYOTA,Land Cruiser,VX,Sport Utility Vehicle (SUV)/Multi-Purpose Vehicle (MPV),,,,,,,,,,,,
JTEHT05J222033158,2002,TOYOTA,Land Cruiser,VX,Sport Utility Vehicle (SUV)/Multi-Purpose Vehicle (MPV),,,,,,,,,,,,
JTEHT05J422033159,2002,TOYOTA,Land Cruiser,VX,Sport Utility Vehicle (SUV)/Multi-Purpose Vehicle (MPV),,,,,,,,,,,,
JTEHT05J022033160,2002,TOYOTA,Land Cruiser,VX,Sport Utility Vehicle (SUV)/Multi-Purpose Vehicle (MPV),,,,,,,,,,,,
JTEHT05J222033161,2002,TOYOTA,Land Cruiser,VX,Sport Utility Vehicle (SUV)/Multi-Purpose Vehicle (MPV),,,,,,,,,,,,
JTEHT05J422033162,2002,TOYOTA,Land Cruiser,VX,Sport Utility Vehicle (SUV)/Multi-Purpose Vehicle (MPV),,,,,,,,,,,,
JTEHT05J622033163,2002,TOYOTA,Land Cruiser,VX,Sport Utility Vehicle (SUV)/Multi-Purpose Vehicle (MPV),,,,,,,,,,,,
JTEHT05J822033164,2002,TOYOTA,Land Cruiser,VX,Sport Utility Vehicle (SUV)/Multi-Purpose Vehicle (MPV),,,,,,,,,,,,
JTEHT05JX22033165,2002,TOYOTA,Land Cruiser,VX,Sport Utility Vehicle (SUV)/Multi-Purpose Vehicle (MPV),,,,,,,,,,,,
JTEHT05J122033166,2002,TOYOTA,Land Cruiser,VX,Sport Utility Vehicle (SUV)/Multi-Purpose Vehicle (MPV),,,,,,,,,,,,
JTEHT05J322033167,2002,TOYOTA,Land Cruiser,VX,Sport Utility Vehicle (SUV)/Multi-Purpose Vehicle (MPV),,,,,,,,,,,,
JTEHT05J522033168,2002,TOYOTA,Land Cruiser,VX,Sport Utility Vehicle (SUV)/Multi-Purpose Vehicle (MPV),,,,,,,,,,,,
JTEHT05J722033169,2002,TOYOTA,Land Cruiser,VX,Sport Utility Vehicle (SUV)/Multi-Purpose Vehicle (MPV),,,,,,,,,,,,
JTEHT05J322033170,2002,TOYOTA,Land Cruiser,VX,Sport Utility Vehicle (SUV)/Multi-Purpose Vehicle (MPV),,,,,,,,,,,,
JTEHT05J522033171,2002,TOYOTA,Land Cruiser,VX,Sport Utility Vehicle (SUV)/Multi-Purpose Vehicle (MPV),,,,,,,,,,,,
JTEHT05J722033172,2002,TOYOTA,Land Cruiser,VX,Sport Utility Vehicle (SUV)/Multi-Purpose Vehicle (MPV),,,,,,,,,,,,
JTEHT05J922033173,2002,TOYOTA,Land Cruiser,VX,Sport Utility Vehicle (SUV)/Multi-Purpose Vehicle (MPV),,,,,,,,,,,,
JTEHT05J022033174,2002,TOYOTA,Land Cruiser,VX,Sport Utility Vehicle (SUV)/Multi-Purpose Vehicle (MPV),,,,,,,,,,,,
JTEHT05J222033175,2002,TOYOTA,Land Cruiser,VX,Sport Utility Vehicle (SUV)/Multi-Purpose Vehicle (MPV),,,,,,,,,,,,
JTEHT05J422033176,2002,TOYOTA,Land Cruiser,VX,Sport Utility Vehicle (SUV)/Multi-Purpose Vehicle (MPV),,,,,,,,,,,,
JTEHT05J622033177,2002,TOYOTA,Land Cruiser,VX,Sport Utility Vehicle (SUV)/Multi-Purpose Vehicle (MPV),,,,,,,,,,,,
JTEHT05J822033178,2002,TOYOTA,Land Cruiser,VX,Sport Utility Vehicle (SUV)/Multi-Purpose Vehicle (MPV),,,,,,,,,,,,
JTEHT05JX22033179,2002,TOYOTA,Land Cruiser,VX,Sport Utility Vehicle (SUV)/Multi-Purpose Vehicle (MPV),,,,,,,,,,,,
JTEHT05J622033180,2002,TOYOTA,Land Cruiser,VX,Sport Utility Vehicle (SUV)/Multi-Purpose Vehicle (MPV),,,,,,,,,,,,
JTEHT05J822033181,2002,TOYOTA,Land Cruiser,VX,Sport Utility Vehicle (SUV)/Multi-Purpose Vehicle (MPV),,,,,,,,,,,,
JTEHT05JX22033182,2002,TOYOTA,Land Cruiser,VX,Sport Utility Vehicle (SUV)/Multi-Purpose Vehicle (MPV),,,,,,,,,,,,
JTEHT05J122033183,2002,TOYOTA,Land Cruiser,VX,Sport Utility Vehicle (SUV)/Multi-Purpose Vehicle (MPV),,,,,,,,,,,,
JTEHT05J322033184,2002,TOYOTA,Land Cruiser,VX,Sport Utility Vehicle (SUV)/Multi-Purpose Vehicle (MPV),,,,,,,,,,,,
JTEHT05J522033185,2002,TOYOTA,Land Cruiser,VX,Sport Utility Vehicle (SUV)/Multi-Purpose Vehicle (MPV),,,,,,,,,,,,
JTEHT05J722033186,2002,TOYOTA,Land Cruiser,VX,Sport Utility Vehicle (SUV)/Multi-Purpose Vehicle (MPV),,,,,,,,,,,,
JTEHT05J922033187,2002,TOYOTA,Land Cruiser,VX,Sport Utility Vehicle (SUV)/Multi-Purpose Vehicle (MPV),,,,,,,,,,,,
JTEHT05J022033188,2002,TOYOTA,Land Cruiser,VX,Sport Utility Vehicle (SUV)/Multi-Purpose Vehicle (MPV),,,,,,,,,,,,
JTEHT05J222033189,2002,TOYOTA,Land Cruiser,VX,Sport Utility Vehicle (SUV)/Multi-Purpose Vehicle (MPV),,,,,,,,,,,,
JTEHT05J922033190,2002,TOYOTA,Land Cruiser,VX,Sport Utility Vehicle (SUV)/Multi-Purpose Vehicle (MPV),,,,,,,,,,,,
JTEHT05J022033191,2002,TOYOTA,Land Cruiser,VX,Sport Utility Vehicle (SUV)/Multi-Purpose Vehicle (MPV),,,,,,,,,,,,
JTEHT05J222033192,2002,TOYOTA,Land Cruiser,VX,Sport Utility Vehicle (SUV)/Multi-Purpose Vehicle (MPV),,,,,,,,,,,,
JTEHT05J422033193,2002,TOYOTA,Land Cruiser,VX,Sport Utility Vehicle (SUV)/Multi-Purpose Vehicle (MPV),,,,,,,,,,,,
JTEHT05J622033194,2002,TOYOTA,Land Cruiser,VX,Sport Utility Vehicle (SUV)/Multi-Purpose Vehicle (MPV),,,,,,,,,,,,
JTEHT05J822033195,2002,TOYOTA,Land Cruiser,VX,Sport Utility Vehicle (SUV)/Multi-Purpose Vehicle (MPV),,,,,,,,,,,,
JTEHT05JX22033196,2002,TOYOTA,Land Cruiser,VX,Sport Utility Vehicle (SUV)/Multi-Purpose Vehicle (MPV),,,,,,,,,,,,
JTEHT05J122033197,2002,TOYOTA,Land Cruiser,VX,Sport Utility Vehicle (SUV)/Multi-Purpose Vehicle (MPV),,,,,,,,,,,,
JTEHT05J322033198,2002,TOYOTA,Land Cruiser,VX,Sport Utility Vehicle (SUV)/Multi-Purpose Vehicle (MPV),,,,,,,,,,,,
JTEHT05J522033199,2002,TOYOTA,Land Cruiser,VX,Sport Utility Vehicle (SUV)/Multi-Purpose Vehicle (MPV),,,,,,,,,,,,
JTEHT05J822033200,2002,TOYOTA,Land Cruiser,VX,Sport Utility Vehicle (SUV)/Multi-Purpose Vehicle (MPV),,,,,,,,,,,,
JTEHT05JX22033201,2002,TOYOTA,Land Cruiser,VX,Sport Utility Vehicle (SUV)/Multi-Purpose Vehicle (MPV),,,,,,,,,,,,
JTEHT05J122033202,2002,TOYOTA,Land Cruiser,VX,Sport Utility Vehicle (SUV)/Multi-Purpose Vehicle (MPV),,,,,,,,,,,,
JTEHT05J322033203,2002,TOYOTA,Land Cruiser,VX,Sport Utility Vehicle (SUV)/Multi-Purpose Vehicle (MPV),,,,,,,,,,,,
JTEHT05J522033204,2002,TOYOTA,Land Cruiser,VX,Sport Utility Vehicle (SUV)/Multi-Purpose Vehicle (MPV),,,,,,,,,,,,
JTEHT05J722033205,2002,TOYOTA,Land Cruiser,VX,Sport Utility Vehicle (SUV)/Multi-Purpose Vehicle (MPV),,,,,,,,,,,,
JTEHT05J922033206,2002,TOYOTA,Land Cruiser,VX,Sport Utility Vehicle (SUV)/Multi-Purpose Vehicle (MPV),,,,,,,,,,,,
JTEHT05J022033207,2002,TOYOTA,Land Cruiser,VX,Sport Utility Vehicle (SUV)/Multi-Purpose Vehicle (MPV),,,,,,,,,,,,
JTEHT05J222033208,2002,TOYOTA,Land Cruiser,VX,Sport Utility Vehicle (SUV)/Multi-Purpose Vehicle (MPV),,,,,,,,,,,,
JTEHT05J422033209,2002,TOYOTA,Land Cruiser,VX,Sport Utility Vehicle (SUV)/Multi-Purpose Vehicle (MPV),,,,,,,,,,,,
JTEHT05J022033210,2002,TOYOTA,Land Cruiser,VX,Sport Utility Vehicle (SUV)/Multi-Purpose Vehicle (MPV),,,,,,,,,,,,
JTEHT05J222033211,2002,TOYOTA,Land Cruiser,VX,Sport Utility Vehicle (SUV)/Multi-Purpose Vehicle (MPV),,,,,,,,,,,,
JTEHT05J422033212,2002,TOYOTA,Land Cruiser,VX,Sport Utility Vehicle (SUV)/Multi-Purpose Vehicle (MPV),,,,,,,,,,,,
JTEHT05J622033213,2002,TOYOTA,Land Cruiser,VX,Sport Utility Vehicle (SUV)/Multi-Purpose Vehicle (MPV),,,,,,,,,,,,
JTEHT05J822033214,2002,TOYOTA,Land Cruiser,VX,Sport Utility Vehicle (SUV)/Multi-Purpose Vehicle (MPV),,,,,,,,,,,,
JTEHT05JX22033215,2002,TOYOTA,Land Cruiser,VX,Sport Utility Vehicle (SUV)/Multi-Purpose Vehicle (MPV),,,,,,,,,,,,
JTEHT05J122033216,2002,TOYOTA,Land Cruiser,VX,Sport Utility Vehicle (SUV)/Multi-Purpose Vehicle (MPV),,,,,,,,,,,,
JTEHT05J322033217,2002,TOYOTA,Land Cruiser,VX,Sport Utility Vehicle (SUV)/Multi-Purpose Vehicle (MPV),,,,,,,,,,,,
JTEHT05J522033218,2002,TOYOTA,Land Cruiser,VX,Sport Utility Vehicle (SUV)/Multi-Purpose Vehicle (MPV),,,,,,,,,,,,
JTEHT05J722033219,2002,TOYOTA,Land Cruiser,VX,Sport Utility Vehicle (SUV)/Multi-Purpose Vehicle (MPV),,,,,,,,,,,,
JTEHT05J322033220,2002,TOYOTA,Land Cruiser,VX,Sport Utility Vehicle (SUV)/Multi-Purpose Vehicle (MPV),,,,,,,,,,,,
JTEHT05J522033221,2002,TOYOTA,Land Cruiser,VX,Sport Utility Vehicle (SUV)/Multi-Purpose Vehicle (MPV),,,,,,,,,,,,
JTEHT05J722033222,2002,TOYOTA,Land Cruiser,VX,Sport Utility Vehicle (SUV)/Multi-Purpose Vehicle (MPV),,,,,,,,,,,,
JTEHT05J922033223,2002,TOYOTA,Land Cruiser,VX,Sport Utility Vehicle (SUV)/Multi-Purpose Vehicle (MPV),,,,,,,,,,,,
JTEHT05J022033224,2002,TOYOTA,Land Cruiser,VX,Sport Utility Vehicle (SUV)/Multi-Purpose Vehicle (MPV),,,,,,,,,,,,
JTEHT05J222033225,2002,TOYOTA,Land Cruiser,VX,Sport Utility Vehicle (SUV)/Multi-Purpose Vehicle (MPV),,,,,,,,,,,,
JTEHT05J422033226,2002,TOYOTA,Land Cruiser,VX,Sport Utility Vehicle (SUV)/Multi-Purpose Vehicle (MPV),,,,,,,,,,,,
JTEHT05J622033227,2002,TOYOTA,Land Cruiser,VX,Sport Utility Vehicle (SUV)/Multi-Purpose Vehicle (MPV),,,,,,,,,,,,
JTEHT05J822033228,2002,TOYOTA,Land Cruiser,VX,Sport Utility Vehicle (SUV)/Multi-Purpose Vehicle (MPV),,,,,,,,,,,,
JTEHT05JX22033229,2002,TOYOTA,Land Cruiser,VX,Sport Utility Vehicle (SUV)/Multi-Purpose Vehicle (MPV),,,,,,,,,,,,
JTEHT05J622033230,2002,TOYOTA,Land Cruiser,VX,Sport Utility Vehicle (SUV)/Multi-Purpose Vehicle (MPV),,,,,,,,,,,,
JTEHT05J822033231,2002,TOYOTA,Land Cruiser,VX,Sport Utility Vehicle (SUV)/Multi-Purpose Vehicle (MPV),,,,,,,,,,,,
JTEHT05JX22033232,2002,TOYOTA,Land Cruiser,VX,Sport Utility Vehicle (SUV)/Multi-Purpose Vehicle (MPV),,,,,,,,,,,,
JTEHT05J122033233,2002,TOYOTA,Land Cruiser,VX,Sport Utility Vehicle (SUV)/Multi-Purpose Vehicle (MPV),,,,,,,,,,,,
JTEHT05J322033234,2002,TOYOTA,Land Cruiser,VX,Sport Utility Vehicle (SUV)/Multi-Purpose Vehicle (MPV),,,,,,,,,,,,
JTEHT05J522033235,2002,TOYOTA,Land Cruiser,VX,Sport Utility Vehicle (SUV)/Multi-Purpose Vehicle (MPV),,,,,,,,,,,,
JTEHT05J722033236,2002,TOYOTA,Land Cruiser,VX,Sport Utility Vehicle (SUV)/Multi-Purpose Vehicle (MPV),,,,,,,,,,,,
JTEHT05J922033237,2002,TOYOTA,Land Cruiser,VX,Sport Utility Vehicle (SUV)/Multi-Purpose Vehicle (MPV),,,,,,,,,,,,
JTEHT05J022033238,2002,TOYOTA,Land Cruiser,VX,Sport Utility Vehicle (SUV)/Multi-Purpose Vehicle (MPV),,,,,,,,,,,,
JTEHT05J222033239,2002,TOYOTA,Land Cruiser,VX,Sport Utility Vehicle (SUV)/Multi-Purpose Vehicle (MPV),,,,,,,,,,,,
JTEHT05J922033240,2002,TOYOTA,Land Cruiser,VX,Sport Utility Vehicle (SUV)/Multi-Purpose Vehicle (MPV),,,,,,,,,,,,
JTEHT05J022033241,2002,TOYOTA,Land Cruiser,VX,Sport Utility Vehicle (SUV)/Multi-Purpose Vehicle (MPV),,,,,,,,,,,,
JTEHT05J222033242,2002,TOYOTA,Land Cruiser,VX,Sport Utility Vehicle (SUV)/Multi-Purpose Vehicle (MPV),,,,,,,,,,,,
JTEHT05J422033243,2002,TOYOTA,Land Cruiser,VX,Sport Utility Vehicle (SUV)/Multi-Purpose Vehicle (MPV),,,,,,,,,,,,
JTEHT05J622033244,2002,TOYOTA,Land Cruiser,VX,Sport Utility Vehicle (SUV)/Multi-Purpose Vehicle (MPV),,,,,,,,,,,,
JTEHT05J822033245,2002,TOYOTA,Land Cruiser,VX,Sport Utility Vehicle (SUV)/Multi-Purpose Vehicle (MPV),,,,,,,,,,,,
JTEHT05JX22033246,2002,TOYOTA,Land Cruiser,VX,Sport Utility Vehicle (SUV)/Multi-Purpose Vehicle (MPV),,,,,,,,,,,,
JTEHT05J122033247,2002,TOYOTA,Land Cruiser,VX,Sport Utility Vehicle (SUV)/Multi-Purpose Vehicle (MPV),,,,,,,,,,,,
JTEHT05J322033248,2002,TOYOTA,Land Cruiser,VX,Sport Utility Vehicle (SUV)/Multi-Purpose Vehicle (MPV),,,,,,,,,,,,
JTEHT05J522033249,2002,TOYOTA,Land Cruiser,VX,Sport Utility Vehicle (SUV)/Multi-Purpose Vehicle (MPV),,,,,,,,,,,,
JTEHT05J122033250,2002,TOYOTA,Land Cruiser,VX,Sport Utility Vehicle (SUV)/Multi-Purpose Vehicle (MPV),,,,,,,,,,,,
JTEHT05J322033251,2002,TOYOTA,Land Cruiser,VX,Sport Utility Vehicle (SUV)/Multi-Purpose Vehicle (MPV),,,,,,,,,,,,
JTEHT05J522033252,2002,TOYOTA,Land Cruiser,VX,Sport Utility Vehicle (SUV)/Multi-Purpose Vehicle (MPV),,,,,,,,,,,,
JTEHT05J722033253,2002,TOYOTA,Land Cruiser,VX,Sport Utility Vehicle (SUV)/Multi-Purpose Vehicle (MPV),,,,,,,,,,,,
JTEHT05J922033254,2002,TOYOTA,Land Cruiser,VX,Sport Utility Vehicle (SUV)/Multi-Purpose Vehicle (MPV),,,,,,,,,,,,
JTEHT05J022033255,2002,TOYOTA,Land Cruiser,VX,Sport Utility Vehicle (SUV)/Multi-Purpose Vehicle (MPV),,,,,,,,,,,,
JTEHT05J222033256,2002,TOYOTA,Land Cruiser,VX,Sport Utility Vehicle (SUV)/Multi-Purpose Vehicle (MPV),,,,,,,,,,,,
JTEHT05J422033257,2002,TOYOTA,Land Cruiser,VX,Sport Utility Vehicle (SUV)/Multi-Purpose Vehicle (MPV),,,,,,,,,,,,
JTEHT05J622033258,2002,TOYOTA,Land Cruiser,VX,Sport Utility Vehicle (SUV)/Multi-Purpose Vehicle (MPV),,,,,,,,,,,,
JTEHT05J822033259,2002,TOYOTA,Land Cruiser,VX,Sport Utility Vehicle (SUV)/Multi-Purpose Vehicle (MPV),,,,,,,,,,,,
JTEHT05J422033260,2002,TOYOTA,Land Cruiser,VX,Sport Utility Vehicle (SUV)/Multi-Purpose Vehicle (MPV),,,,,,,,,,,,
JTEHT05J622033261,2002,TOYOTA,Land Cruiser,VX,Sport Utility Vehicle (SUV)/Multi-Purpose Vehicle (MPV),,,,,,,,,,,,
JTEHT05J822033262,2002,TOYOTA,Land Cruiser,VX,Sport Utility Vehicle (SUV)/Multi-Purpose Vehicle (MPV),,,,,,,,,,,,
JTEHT05JX22033263,2002,TOYOTA,Land Cruiser,VX,Sport Utility Vehicle (SUV)/Multi-Purpose Vehicle (MPV),,,,,,,,,,,,
JTEHT05J122033264,2002,TOYOTA,Land Cruiser,VX,Sport Utility Vehicle (SUV)/Multi-Purpose Vehicle (MPV),,,,,,,,,,,,
JTEHT05J322033265,2002,TOYOTA,Land Cruiser,VX,Sport Utility Vehicle (SUV)/Multi-Purpose Vehicle (MPV),,,,,,,,,,,,
JTEHT05J522033266,2002,TOYOTA,Land Cruiser,VX,Sport Utility Vehicle (SUV)/Multi-Purpose Vehicle (MPV),,,,,,,,,,,,
JTEHT05J722033267,2002,TOYOTA,Land Cruiser,VX,Sport Utility Vehicle (SUV)/Multi-Purpose Vehicle (MPV),,,,,,,,,,,,
JTEHT05J922033268,2002,TOYOTA,Land Cruiser,VX,Sport Utility Vehicle (SUV)/Multi-Purpose Vehicle (MPV),,,,,,,,,,,,
JTEHT05J022033269,2002,TOYOTA,Land Cruiser,VX,Sport Utility Vehicle (SUV)/Multi-Purpose Vehicle (MPV),,,,,,,,,,,,
JTEHT05J722033270,2002,TOYOTA,Land Cruiser,VX,Sport Utility Vehicle (SUV)/Multi-Purpose Vehicle (MPV),,,,,,,,,,,,
JTEHT05J922033271,2002,TOYOTA,Land Cruiser,VX,Sport Utility Vehicle (SUV)/Multi-Purpose Vehicle (MPV),,,,,,,,,,,,
JTEHT05J022033272,2002,TOYOTA,Land Cruiser,VX,Sport Utility Vehicle (SUV)/Multi-Purpose Vehicle (MPV),,,,,,,,,,,,
JTEHT05J222033273,2002,TOYOTA,Land Cruiser,VX,Sport Utility Vehicle (SUV)/Multi-Purpose Vehicle (MPV),,,,,,,,,,,,
JTEHT05J422033274,2002,TOYOTA,Land Cruiser,VX,Sport Utility Vehicle (SUV)/Multi-Purpose Vehicle (MPV),,,,,,,,,,,,
JTEHT05J622033275,2002,TOYOTA,Land Cruiser,VX,Sport Utility Vehicle (SUV)/Multi-Purpose Vehicle (MPV),,,,,,,,,,,,
JTEHT05J822033276,2002,TOYOTA,Land Cruiser,VX,Sport Utility Vehicle (SUV)/Multi-Purpose Vehicle (MPV),,,,,,,,,,,,
JTEHT05JX22033277,2002,TOYOTA,Land Cruiser,VX,Sport Utility Vehicle (SUV)/Multi-Purpose Vehicle (MPV),,,,,,,,,,,,
JTEHT05J122033278,2002,TOYOTA,Land Cruiser,VX,Sport Utility Vehicle (SUV)/Multi-Purpose Vehicle (MPV),,,,,,,,,,,,
JTEHT05J322033279,2002,TOYOTA,Land Cruiser,VX,Sport Utility Vehicle (SUV)/Multi-Purpose Vehicle (MPV),,,,,,,,,,,,
JTEHT05JX22033280,2002,TOYOTA,Land Cruiser,VX,Sport Utility Vehicle (SUV)/Multi-Purpose Vehicle (MPV),,,,,,,,,,,,
JTEHT05J122033281,2002,TOYOTA,Land Cruiser,VX,Sport Utility Vehicle (SUV)/Multi-Purpose Vehicle (MPV),,,,,,,,,,,,
JTEHT05J322033282,2002,TOYOTA,Land Cruiser,VX,Sport Utility Vehicle (SUV)/Multi-Purpose Vehicle (MPV),,,,,,,,,,,,
JTEHT05J522033283,2002,TOYOTA,Land Cruiser,VX,Sport Utility Vehicle (SUV)/Multi-Purpose Vehicle (MPV),,,,,,,,,,,,
JTEHT05J722033284,2002,TOYOTA,Land Cruiser,VX,Sport Utility Vehicle (SUV)/Multi-Purpose Vehicle (MPV),,,,,,,,,,,,
JTEHT05J922033285,2002,TOYOTA,Land Cruiser,VX,Sport Utility Vehicle (SUV)/Multi-Purpose Vehicle (MPV),,,,,,,,,,,,
JTEHT05J022033286,2002,TOYOTA,Land Cruiser,VX,Sport Utility Vehicle (SUV)/Multi-Purpose Vehicle (MPV),,,,,,,,,,,,
JTEHT05J222033287,2002,TOYOTA,Land Cruiser,VX,Sport Utility Vehicle (SUV)/Multi-Purpose Vehicle (MPV),,,,,,,,,,,,
JTEHT05J422033288,2002,TOYOTA,Land Cruiser,VX,Sport Utility Vehicle (SUV)/Multi-Purpose Vehicle (MPV),,,,,,,,,,,,
